artist,genre,festivals
"""Weird Al"" Yankovic",Pop,"[u'Governors Ball', u'Summerfest']"
**More to be announced**,,[u'Newport Folk']
311,Rock,"[u'SweetWater 420', u'SunFest']"
500 Miles to Memphis,Rock,[u'Bunbury']
68,Rock,[u'Welcome to Rockville']
A Course of Action,Rock,[u'Rocklahoma']
A Day To Remember,Rock,[u'Summerfest']
A Light Within,Rock,[u'Middle of the Map']
A$AP Ferg,Hip-hop,[u'Pitchfork']
A$AP Rocky,Hip-hop,[u'Lollapalooza']
A-Trak,EDM,[u'Governors Ball']
A.G. Cook,EDM,[u'Pitchfork']
AB-Soul,Hip-hop,"[u'Coachella', u'Sasquatch!']"
AC/DC,Rock,[u'Coachella']
AN21,EDM,[u'Rock in Rio USA - Rock Weekend']
ANTEMASQUE,Rock,[u'Coachella']
ASTR,EDM,[u'Governors Ball']
AWOLNATION,Rock,"[u'SunFest', u'Bonnaroo', u'Firefly', u'Summerfest']"
Aaron Neville,R&B,[u'New Orleans Jazz & Heritage Fes']
Action Bronson,Hip-hop,"[u'Coachella', u'Sasquatch!']"
Active Child,EDM,[u'Lightning in a Bottle']
Adam Capps,Country,[u'Kicker Country Stampede']
Admiral Of The Red,Rock,[u'Middle of the Map']
Adrian Marcel,Hip-hop,[u'Essence']
Adventure Club,EDM,"[u'Hangout', u'Spring Awakening']"
Aer,Reggae,[u'SweetWater 420']
Aero Chord,EDM,[u'Spring Awakening']
Afrojack,EDM,[u'Spring Awakening']
Against Me!,Rock,[u'Bonnaroo']
Alabama Shakes,Rock,"[u'Coachella', u'Bonnaroo', u'Lollapalooza']"
Alan Jackson,Country,[u'CMA Fest']
Alesso,EDM,"[u'Coachella', u'Lollapalooza']"
Alex Bleeker & The Freaks,Indie,[u'Outside Lands']
Alison Krauss & Union Station,Americana,[u'New Orleans Jazz & Heritage Fes']
Alison Wonderland,EDM,"[u'Coachella', u'Firefly', u'Electric Forest', u'Lollapalooza']"
All That Remains,Metal,[u'Welcome to Rockville']
Allah-Las,Indie,"[u'Coachella', u'Outside Lands']"
Allen Toussaint,Jazz,[u'New Orleans Jazz & Heritage Fes']
Aloe Blacc,Hip-hop,[u'Summerfest']
Alok,EDM,[u'Rock in Rio USA - Rock Weekend']
Alunageorge,EDM,[u'Lightning in a Bottle']
Alvin Risk,EDM,[u'Coachella']
Alvvays,Indie,"[u'Sasquatch!', u'Forecastle', u'Outside Lands']"
Amanda Fish Band,Rock,[u'Middle of the Map']
Amanda Shires,Americana,[u'New Orleans Jazz & Heritage Fes']
Ambassadeurs,EDM,[u'Lightning in a Bottle']
Ambrose Akinmusire,Jazz,[u'Newport Jazz']
Ame (DJ set),EDM,[u'Lightning in a Bottle']
American Babies,Rock,[u'Electric Forest']
Ana Tijoux,Latin,[u'Bonnaroo']
Anais Mitchell,Americana,[u'Stagecoach']
Anders Osborne,Rock,"[u'SweetWater 420', u'New Orleans Jazz & Heritage Fes']"
Andra Day,Pop,[u'Essence']
Andrea Olivia,EDM,[u'Coachella']
Andrew Combs,Country,[u'Stagecoach']
Andrew McMahon In The Wilderness,Indie,"[u'Coachella', u'Firefly', u'Summerfest']"
Andrew Rayel,EDM,[u'Spring Awakening']
Andy Frasco,Rock,[u'Wakarusa']
Andy Montanez,Latin,[u'Summerfest']
Angaleena Presley,Country,[u'Kicker Country Stampede']
Angel Olsen,Indie,[u'Coachella']
Angelique Kidjo,World,[u'New Orleans Jazz & Heritage Fes']
Angus & Julia Stone,Indie,"[u'Coachella', u'Governors Ball', u'Lollapalooza', u'Outside Lands']"
Anna Cole And The Other Lovers,Rock,[u'Middle of the Map']
Annie Mac,EDM,[u'Coachella']
Anthony Hamilton,R&B,[u'New Orleans Jazz & Heritage Fes']
Anthrax,Metal,"[u'Rock on the Range', u'Rocklahoma']"
Antiserum,EDM,[u'Wakarusa']
Apocalyptica,Metal,"[u'Rock on the Range', u'Rocklahoma']"
Aranda,Rock,[u'Rocklahoma']
Arc Flash,Metal,[u'Middle of the Map']
Archnemesis,EDM,"[u'Counterpoint', u'Wakarusa']"
Ariel Pink,Indie,[u'Pitchfork']
Arturo O'Farrill's Afro Latin Jazz Orchestra ft. Rudresh Mahanthappa,Jazz,[u'Newport Jazz']
Arturo Sandoval,Jazz,[u'Newport Jazz']
Aska,Metal,[u'Rocklahoma']
Atarah Valentine,Rock,[u'Lollapalooza']
Atish,EDM,[u'Lightning in a Bottle']
Atlas,Rock,[u'Middle of the Map']
Atlas Genius,Indie,[u'Summerfest']
Atmosphere,Hip-hop,"[u'Middle of the Map', u'Governors Ball', u'Bunbury', u'Bonnaroo']"
Atomic Bomb! Who Is William Onyeabor?,World,[u'Bonnaroo']
Audien,EDM,[u'Spring Awakening']
Austin Plaine,Indie,[u'Bunbury']
Avery*Sunshine,R&B,[u'Essence']
Axwell ^ Ingrosso,EDM,"[u'Coachella', u'Outside Lands']"
Ayron Jones and the Way,Rock,[u'Sasquatch!']
Azealia Banks,Hip-hop,[u'Coachella']
BOSTON,Rock,[u'SunFest']
"BWB ft. Rick Braun, Kirk Whalum & Norman Brown",Jazz,[u'New Orleans Jazz & Heritage Fes']
Babyjane,Rock,[u'Rocklahoma']
Babymetal,Metal,[u'Rock on the Range']
Bad Religion,Rock,[u'Coachella']
Bad Suns,Rock,"[u'Coachella', u'Firefly']"
Badbadnotgood,Hip-hop,[u'Lollapalooza']
Bahamas,Alternative,"[u'Bonnaroo', u'Firefly', u'Newport Folk']"
Bakermat,EDM,[u'Lightning in a Bottle']
Ballet School,Rock,[u'Middle of the Map']
Balsam Range,Bluegrass,[u'Stagecoach']
Band of Horses,Indie,[u'Free Press Summer Festival']
Banks,R&B,[u'Lollapalooza']
Bass Drum of Death,Rock,[u'Middle of the Map']
Bassnectar,EDM,"[u'Bonnaroo', u'Electric Forest', u'Lollapalooza']"
Bastille,Rock,"[u'Firefly', u'Summerfest']"
Bea Miller,Pop,[u'SunFest']
Bear Hands,Indie,[u'Firefly']
Bear's Den,Indie,[u'Lollapalooza']
Beartooth,Metal,"[u'Welcome to Rockville', u'Rock on the Range']"
Beat Connection,Pop,[u'Lollapalooza']
Beats Antique,EDM,"[u'SweetWater 420', u'Hangout']"
Beck,Indie,[u'Hangout']
Behrouz,EDM,[u'Rock in Rio USA - Pop Weekend']
Bela Fleck and Abigail Washburn,Bluegrass,"[u'New Orleans Jazz & Heritage Fes', u'Bonnaroo']"
Belle & Sebastian,Indie,"[u'Coachella', u'Free Press Summer Festival', u'Bonnaroo']"
Belles and Whistles,Country,[u'Kicker Country Stampede']
Ben Folds & Ymusic,Indie,[u'Bonnaroo']
Ben Harper & The Innocent Criminals,Rock,"[u'Wakarusa', u'Free Press Summer Festival', u'Bonnaroo', u'Outside Lands']"
Ben Klock,EDM,[u'Coachella']
Ben Kweller,Indie,"[u'Middle of the Map', u'Free Press Summer Festival']"
Ben Miller Band,Americana,"[u'Stagecoach', u'Wakarusa']"
Benjamin Booker,Rock,"[u'Coachella', u'Sasquatch!', u'Governors Ball', u'Free Press Summer Festival', u'Bonnaroo', u'Firefly', u'Outside Lands']"
Betty Who,Pop,[u'Firefly']
Between The Buried & Me,Metal,[u'Bonnaroo']
Big Chief Monk Boudreaux & The Golden Eagles,Reggae,[u'New Orleans Jazz & Heritage Fes']
Big Chief Walter Cook & The Creole Wild West Mardi Gras Indians,Americana,[u'New Orleans Jazz & Heritage Fes']
Big Data,EDM,"[u'SweetWater 420', u'Firefly']"
"Big Freedia ""Queen of Bounce""",EDM,[u'New Orleans Jazz & Heritage Fes']
Big Gigantic,EDM,"[u'Wakarusa', u'Governors Ball', u'Electric Forest']"
Big K.R.I.T.,Hip-hop,[u'Forecastle']
Big Sam's Funky Nation,R&B,[u'New Orleans Jazz & Heritage Fes']
Big Sean,Hip-hop,[u'Rock in Rio USA - Pop Weekend']
Big Smo,Country,[u'Summerfest']
Bilal,R&B,[u'Essence']
Bill Frisell,Jazz,[u'Newport Jazz']
Billy Beale — Kansas City Blues Preservationist,Rock,[u'Middle of the Map']
Billy Childs,Jazz,[u'Newport Jazz']
Billy Currington,Country,[u'Summerfest']
Billy Idol,Rock,[u'Outside Lands']
Billy Joel,Rock,[u'Bonnaroo']
Bishop Nehru,Hip-hop,"[u'Sasquatch!', u'Governors Ball']"
Bitchin Bajas,Indie,[u'Pitchfork']
Bixel Boys,EDM,"[u'Coachella', u'Counterpoint']"
Bjork,Indie,[u'Governors Ball']
Black Pistol Fire,Rock,"[u'Sasquatch!', u'Lollapalooza']"
Black Tiger Sex Machine,EDM,"[u'Wakarusa', u'Electric Forest', u'Lollapalooza']"
Black Tora,Metal,[u'Rocklahoma']
Black Whales,Rock,[u'Sasquatch!']
Blackberry Smoke,Rock,[u'Summerfest']
Blackjack Billy,Rock,[u'Kicker Country Stampede']
Blaine Younger,Country,[u'Kicker Country Stampede']
Blake Mills,Indie,[u'Newport Folk']
Blake Shelton,Country,"[u'Stagecoach', u'Kicker Country Stampede']"
Blank Range,Rock,[u'Sasquatch!']
Bleachers,Indie,"[u'Rock in Rio USA - Rock Weekend', u'Bunbury', u'Bonnaroo']"
Blind Boys of Alabama,Gospel,[u'Summerfest']
Bo Ningen,Rock,[u'SunFest']
Boan,Indie,[u'Free Press Summer Festival']
Bob Moses,EDM,[u'Lightning in a Bottle']
BoomBox,Rock,[u'Wakarusa']
Borgeous,EDM,[u'Electric Forest']
Borgore,EDM,[u'Spring Awakening']
Bossacucanova,Latin,[u'Rock in Rio USA - Pop Weekend']
Boys Noize,EDM,[u'Lollapalooza']
Brad Paisley,Country,[u'CMA Fest']
Brady Moddelmog Band,Country,[u'Kicker Country Stampede']
Branchez,EDM,[u'Spring Awakening']
Brand New,Rock,"[u'Coachella', u'Bunbury', u'Summerfest', u'Lollapalooza']"
Brandi Carlile,Rock,"[u'Free Press Summer Festival', u'Bonnaroo', u'Newport Folk']"
Brant Bjork & The Low Desert Punk Band,Rock,[u'Coachella']
Branx,EDM,[u'Electric Forest']
Break Science,EDM,[u'Electric Forest']
Breaking Benjamin,Rock,"[u'Welcome to Rockville', u'Rock on the Range', u'Rocklahoma']"
Brett Eldredge,Country,"[u'CMA Fest', u'Summerfest']"
Bria Skonberg,Jazz,[u'Newport Jazz']
Brillz,EDM,[u'Spring Awakening']
Bro Safari,EDM,"[u'Wakarusa', u'Spring Awakening']"
Brodinski,EDM,[u'Counterpoint']
Broncho,EDM,"[u'Firefly', u'Forecastle']"
Bronze Whale,EDM,[u'Counterpoint']
Broods,Indie,"[u'Firefly', u'Lollapalooza', u'Outside Lands']"
Brooke Eden,Country,[u'Tortuga']
Broseph E. Lee,Rock,[u'Kicker Country Stampede']
Brothers Osborne,Country,[u'Stagecoach']
Brownout presents Brown Sabbath,Latin,[u'Bonnaroo']
Bruno Mars,Pop,[u'Rock in Rio USA - Pop Weekend']
Buckwheat Zydeco,Americana,[u'New Orleans Jazz & Heritage Fes']
Buddy Guy,Blues,"[u'New Orleans Jazz & Heritage Fes', u'Summerfest']"
Buggs Tha Rocka,Hip-hop,[u'Bunbury']
Built to Spill,Indie,[u'Coachella']
Bully,Rock,[u'Pitchfork']
Bummers,Rock,[u'Bunbury']
Butcher Babies,Metal,"[u'Welcome to Rockville', u'Rocklahoma']"
"Butler, Bernstein & The Hot 9",Jazz,[u'New Orleans Jazz & Heritage Fes']
Buxton,Rock,[u'Free Press Summer Festival']
BØRNS,Indie,"[u'Firefly', u'Lollapalooza']"
CHVRCHES,Indie,[u'Pitchfork']
Cage The Elephant,Indie,"[u'SweetWater 420', u'Firefly', u'Forecastle']"
Caitlin Rose,Country,[u'Stagecoach']
Cajmere,EDM,[u'Spring Awakening']
Caked Up,EDM,"[u'Rock in Rio USA - Rock Weekend', u'Lollapalooza']"
Cam,Country,[u'Stagecoach']
Candlebox,Rock,[u'Rocklahoma']
Candy Claws - Sound of Ceres,EDM,[u'Middle of the Map']
Captiva,Indie,[u'Middle of the Map']
Cardiknox,Pop,[u'Firefly']
Caribou,EDM,"[u'Coachella', u'Bonnaroo', u'Pitchfork', u'Outside Lands']"
Carl Cox,EDM,[u'Electric Forest']
Carl Craig,EDM,[u'Coachella']
Carnage,EDM,"[u'Electric Forest', u'Lollapalooza']"
Caroline Kole,Country,[u'Kicker Country Stampede']
Carolyn Wonderland,Blues,[u'New Orleans Jazz & Heritage Fes']
Carrie Nation & the Speakeasy,Rock,[u'Wakarusa']
Cashmere Cat,EDM,"[u'Coachella', u'Sasquatch!']"
Cassadee Pope,Country,[u'Stagecoach']
Cassandra Wilson (celebrates Billie Holiday),Jazz,[u'Newport Jazz']
Cassandra Wilson Coming Forth By Day: A Celebration of Billie Holiday,Jazz,[u'New Orleans Jazz & Heritage Fes']
Cataldo,Indie,[u'Sasquatch!']
Catch Fever,Indie,[u'Free Press Summer Festival']
Catfish and the Bottlemen,Indie,"[u'Bunbury', u'Bonnaroo', u'Lollapalooza']"
Cathedrals,Indie,"[u'Firefly', u'Forecastle']"
Cecile McLorin Salvant,Jazz,"[u'New Orleans Jazz & Heritage Fes', u'Newport Jazz']"
Cedric Gervais,EDM,[u'Coachella']
Chali 2Na,Hip-hop,[u'Wakarusa']
Chance the Rapper,Hip-hop,"[u'Wakarusa', u'Free Press Summer Festival', u'Pitchfork']"
Chaotic Resmblance,Metal,[u'Rocklahoma']
Charles Bradley,R&B,"[u'Coachella', u'Hangout', u'Free Press Summer Festival', u'Summerfest', u'Electric Forest']"
"Charles Esten, Clare Bowen & Chris Carmack",Country,[u'Stagecoach']
Charles Lloyd Quartet,Jazz,[u'New Orleans Jazz & Heritage Fes']
Charli XCX,Pop,"[u'Rock in Rio USA - Pop Weekend', u'Governors Ball', u'Free Press Summer Festival', u'Firefly', u'Lollapalooza']"
Charlie Wilson,R&B,[u'Essence']
Charlotte OC,Pop,[u'Governors Ball']
Chase Bryant,Country,"[u'Tortuga', u'Kicker Country Stampede']"
Chase Rice,Country,"[u'Tortuga', u'Summerfest']"
Chatham County Line,Bluegrass,[u'Stagecoach']
Cheerleader,Indie,[u'Firefly']
Cherub,Indie,"[u'Counterpoint', u'Forecastle']"
Chet Faker,EDM,"[u'Coachella', u'Counterpoint', u'Lollapalooza', u'Outside Lands']"
Chicago,Rock,[u'New Orleans Jazz & Heritage Fes']
Chicano Batman,Indie,[u'Coachella']
Chiddy Bang,Hip-hop,[u'Firefly']
Childish Gambino,Hip-hop,[u'Bonnaroo']
Chris Botti,Jazz,[u'Newport Jazz']
Chris Janson,Country,[u'Stagecoach']
Chris Lane,Country,[u'Kicker Country Stampede']
Chris Malinchak,EDM,[u'Coachella']
Christian McBride,Jazz,[u'Newport Jazz']
Christian McBride Big Band,Jazz,[u'New Orleans Jazz & Heritage Fes']
Christopher Denny,Americana,[u'Bonnaroo']
Chromeo,EDM,"[u'Sasquatch!', u'Governors Ball']"
Chronixx And The Zincfence Redemption,World,[u'Governors Ball']
Circa Survive,Rock,[u'Coachella']
Circa Waves,Indie,[u'Lollapalooza']
Citizen Cope,Rock,[u'Firefly']
Clare Dunn,Country,"[u'Stagecoach', u'Kicker Country Stampede']"
Clark,Indie,[u'Pitchfork']
Classixx,EDM,[u'Outside Lands']
Claude VonStroke,EDM,"[u'Coachella', u'Electric Forest']"
Clawhammer,Indie,[u'Middle of the Map']
Clean Bandit,EDM,"[u'Coachella', u'Governors Ball', u'Firefly']"
Client Liaison,EDM,[u'Firefly']
Cloud Nothings,Indie,[u'Coachella']
Coasts,Indie,"[u'Coachella', u'Lollapalooza']"
Coheed & Cambria,Rock,"[u'Rock in Rio USA - Rock Weekend', u'Summerfest']"
Coin,Indie,[u'Lollapalooza']
Cold War Kids,Indie,"[u'SweetWater 420', u'Hangout', u'Firefly', u'Forecastle', u'Lollapalooza']"
Cole Swindell,Country,[u'CMA Fest']
Collie Buddz,Reggae,[u'Wakarusa']
Colony House,Rock,"[u'Hangout', u'Firefly']"
Colt Ford,Hip-hop,[u'Tortuga']
Common,Hip-hop,[u'Essence']
Con Brio,R&B,[u'Free Press Summer Festival']
Connor Leimer,Rock,[u'Middle of the Map']
Conor Oberst,Indie,[u'Governors Ball']
Conrad Herwig's Latin Side of Horace Silver ft. Michel Camilo,Jazz,[u'Newport Jazz']
Conspirator,EDM,[u'Wakarusa']
Copeland,Indie,[u'SunFest']
Cosmic Gate,EDM,[u'Spring Awakening']
County Road 5,Rock,[u'Kicker Country Stampede']
Courtney Barnett,Indie,"[u'Sasquatch!', u'Bonnaroo', u'Pitchfork', u'Newport Folk']"
Cowboy Mouth,Rock,[u'New Orleans Jazz & Heritage Fes']
Coyote Bill Boogie Band,Rock,[u'Middle of the Map']
Coyote Union,Rock,[u'Wakarusa']
Craig Morgan,Country,[u'Kicker Country Stampede']
Craig Stensaas,Country,[u'Kicker Country Stampede']
Creole String Beans,Americana,[u'New Orleans Jazz & Heritage Fes']
Crizzly,EDM,[u'Electric Forest']
Crobot,Rock,"[u'Rock on the Range', u'Rocklahoma']"
Cure for the Common,Rock,[u'Wakarusa']
Cypher Clique,Hip-hop,[u'Firefly']
D'Angelo and The Vanguard,R&B,[u'Outside Lands']
D.V.S*,EDM,[u'Lightning in a Bottle']
D/Will & Barrel Maker,Hip-hop,[u'Middle of the Map']
DESTRUCTO,EDM,"[u'Wakarusa', u'Lollapalooza']"
DIIV,Rock,[u'Governors Ball']
DJ Brooks Brown,EDM,[u'Middle of the Map']
DJ Craze,EDM,[u'Firefly']
DJ Fredster,EDM,[u'Free Press Summer Festival']
DJ Harvey,EDM,[u'Coachella']
DJ Mustard,EDM,"[u'Firefly', u'Lollapalooza', u'Outside Lands']"
DJ Sliink,EDM,[u'Spring Awakening']
DJ Snake,EDM,"[u'Coachella', u'Lollapalooza']"
DJ Timmy Tutone,EDM,[u'Middle of the Map']
DJ Vibe,EDM,[u'Rock in Rio USA - Pop Weekend']
DMA's,Indie,"[u'Governors Ball', u'Bonnaroo', u'Lollapalooza', u'Outside Lands']"
Dada Life,EDM,[u'Spring Awakening']
Dallas Smith,Country,[u'Kicker Country Stampede']
"Damian ""Jr. Gong"" Marley",Reggae,"[u'SunFest', u'Hangout']"
Damon Bailey,Pop,[u'Middle of the Map']
Dan + Shay,Country,[u'Summerfest']
Dan Deacon,EDM,[u'Outside Lands']
Dan Mangan + Blacksmith,Indie,[u'Sasquatch!']
Dance Spirit,EDM,[u'Lightning in a Bottle']
Dangerkids,Rock,[u'Rock on the Range']
Daniel In Stereo,Indie,[u'Bunbury']
Daniel Romano,Country,[u'Stagecoach']
Danny Howells,EDM,[u'Lightning in a Bottle']
Danny Tenaglia,EDM,[u'Coachella']
Danny Weinkauf,Rock,[u'Lollapalooza']
Darius Rucker,Country,[u'CMA Fest']
Dark Star Orchestra,Rock,[u'Summerfest']
Datsik,EDM,[u'Electric Forest']
Davell Crawford,Jazz,[u'New Orleans Jazz & Heritage Fes']
David Fanning,Country,[u'Stagecoach']
David George & A Crooked Mile,Rock,[u'Middle of the Map']
David Guetta,EDM,[u'Coachella']
David Nail,Country,[u'Tortuga']
Dawes,Indie,[u'Bonnaroo']
Daye Jack,Hip-hop,[u'Lollapalooza']
Dead Metal Society,Metal,[u'Rocklahoma']
Deadmau5,EDM,"[u'Governors Ball', u'Bonnaroo']"
Deap Vally,Rock,[u'Hangout']
Death From Above 1979,Rock,"[u'Governors Ball', u'Lollapalooza']"
Dee 1,Hip-hop,[u'Essence']
Deep Cuts,Indie,[u'Free Press Summer Festival']
Deftones,Metal,[u'Rock in Rio USA - Rock Weekend']
Dej Loaf,Hip-hop,[u'Bonnaroo']
Delbert McClinton,Americana,[u'New Orleans Jazz & Heritage Fes']
Della Mae,Bluegrass,[u'Stagecoach']
Dellacoma,Rock,[u'Rocklahoma']
Delta Rae,Americana,[u'SweetWater 420']
Delta Rose,Rock,[u'Rocklahoma']
Delta Spirit,Indie,"[u'Summerfest', u'Electric Forest', u'Lollapalooza']"
Deorro,EDM,[u'Coachella']
Desaparecidos,Indie,"[u'Coachella', u'Forecastle']"
Devon Baldwin,Pop,[u'Outside Lands']
Diamond Lane,Rock,[u'Rocklahoma']
Diarrhea Planet,Indie,"[u'Sasquatch!', u'Free Press Summer Festival', u'Forecastle']"
Dierks Bentley,Country,"[u'Stagecoach', u'CMA Fest']"
Dilated Peoples,Hip-hop,"[u'Sasquatch!', u'Wakarusa']"
Dillinger Escape Plan,Metal,[u'Rock on the Range']
Dillon Francis,EDM,"[u'Counterpoint', u'Lollapalooza']"
Diplo,EDM,[u'Spring Awakening']
Dirtfoot,Rock,[u'Wakarusa']
Dirty Dozen Brass Band,Jazz,[u'Summerfest']
Dirty Heads,Reggae,"[u'Hangout', u'Wakarusa', u'Firefly', u'Summerfest']"
Dirty South,EDM,[u'Coachella']
Dizzy Wright,Hip-hop,[u'Firefly']
Django Django,Indie,"[u'Lollapalooza', u'Outside Lands']"
Djao,EDM,[u'Sasquatch!']
Doc Martin,Indie,[u'Coachella']
Donald Harrison Jr.,Jazz,[u'New Orleans Jazz & Heritage Fes']
Donavon Frankenreiter,Pop,[u'Wakarusa']
Dopapod,Rock,"[u'Wakarusa', u'Bonnaroo', u'Electric Forest']"
Dorothy,Rock,[u'Rock on the Range']
Doug E. Fresh,Hip-hop,[u'Essence']
Dpat,EDM,[u'Free Press Summer Festival']
Dr. John,Americana,[u'Newport Jazz']
Dr. John: Off Da Hook!,Jazz,[u'New Orleans Jazz & Heritage Fes']
Drake,Hip-hop,"[u'Coachella', u'Governors Ball']"
Drake White and the Big Fire,Country,[u'Tortuga']
Dreamers,Rock,[u'SunFest']
Drek,Rock,[u'Rocklahoma']
Drive Like Jehu,Rock,[u'Coachella']
Drive-By Truckers,Rock,[u'Hangout']
Dubfire,EDM,[u'Coachella']
Duke Dumont,EDM,"[u'Coachella', u'Spring Awakening']"
Duncan Burnett,Hip-hop,[u'Middle of the Map']
Dusky,EDM,[u'Spring Awakening']
Dustin Thomas,World,[u'Wakarusa']
Dusty Rust,Country,[u'Middle of the Map']
Dylan Scott,Country,[u'Tortuga']
EOTO,EDM,"[u'Wakarusa', u'Electric Forest']"
Eagle and Hawk,Rock,[u'New Orleans Jazz & Heritage Fes']
Eagulls,Indie,[u'Coachella']
Earphunk,Rock,[u'Counterpoint']
Earth Wind & Fire,R&B,[u'Bonnaroo']
Eats Everything,EDM,[u'Spring Awakening']
Ebony Tusks,Hip-hop,[u'Middle of the Map']
Echosmith,Indie,"[u'Rock in Rio USA - Pop Weekend', u'Governors Ball', u'Firefly']"
Ed Rush & Optical,EDM,[u'Electric Forest']
Ed Sheeran,Pop,"[u'New Orleans Jazz & Heritage Fes', u'Rock in Rio USA - Pop Weekend', u'Summerfest']"
Eddie Money,Rock,[u'SunFest']
Edward Sharpe & The Magnetic Zeros,Rock,"[u'SunFest', u'Summerfest', u'Electric Forest']"
El-Rey-Tones,Indie,[u'Middle of the Map']
Electron,Rock,[u'Electric Forest']
Eli Young Band,Country,[u'Stagecoach']
Elizabeth Lyons,Country,[u'Kicker Country Stampede']
Elle King,Americana,"[u'Hangout', u'Lollapalooza']"
Elle Varner,R&B,[u'Essence']
Ellie Herring,EDM,[u'Lightning in a Bottle']
Elliot Root,Indie,"[u'SunFest', u'Hangout']"
Elliphant,Hip-hop,[u'Firefly']
Ellis Marsalis,Jazz,[u'New Orleans Jazz & Heritage Fes']
Elton John,Rock,"[u'New Orleans Jazz & Heritage Fes', u'Outside Lands']"
Elvin Bishop,Rock,[u'Summerfest']
Emancipator Ensemble,EDM,[u'Counterpoint']
Emily's D+Evolution,R&B,[u'Essence']
Empire of the Sun,EDM,"[u'Rock in Rio USA - Pop Weekend', u'Firefly']"
Empires,Indie,[u'Forecastle']
Eric Burdon and the Animals,Rock,[u'Stagecoach']
Eric Church,Country,[u'CMA Fest']
Eric Prydz,EDM,[u'Spring Awakening']
Eric Roberson,R&B,[u'Essence']
Erol Alkan,EDM,[u'Coachella']
Erykah Badu,R&B,[u'Essence']
Esperanza Spalding,Jazz,[u'Essence']
Estelle,R&B,[u'New Orleans Jazz & Heritage Fes']
Eva Shaw,EDM,[u'Spring Awakening']
Even The Dogs,Metal,[u'Rocklahoma']
Everyman,EDM,[u'Lightning in a Bottle']
Everyone Orchestra,Rock,[u'Electric Forest']
Ex Hex,Indie,"[u'Sasquatch!', u'Pitchfork']"
Excision,EDM,[u'Spring Awakening']
Exmag,EDM,[u'Electric Forest']
Exodus,Metal,[u'Welcome to Rockville']
FKA twigs,Pop,"[u'Coachella', u'Lollapalooza']"
FKJ,EDM,[u'Lightning in a Bottle']
FORGOTTEN SPACE,Rock,[u'Wakarusa']
FTampa,EDM,[u'Rock in Rio USA - Rock Weekend']
Fall Out Boy,Rock,[u'SunFest']
Falling in Reverse,Rock,[u'Rock on the Range']
Falls,Rock,[u'Firefly']
Fantastic Negrito,R&B,[u'Outside Lands']
Father John Misty,Indie,"[u'Coachella', u'Hangout', u'Sasquatch!', u'Bunbury', u'Lollapalooza']"
Felguk,EDM,[u'Rock in Rio USA - Rock Weekend']
Fences,Indie,"[u'Sasquatch!', u'Firefly']"
Fiance,Indie,[u'Firefly']
Field Report,Americana,"[u'Summerfest', u'Forecastle', u'Newport Folk']"
Figure,EDM,[u'Spring Awakening']
Filibusta,EDM,[u'Firefly']
Firekid,Rock,[u'Hangout']
First Aid Kit,Indie,"[u'Forecastle', u'Newport Folk', u'Lollapalooza', u'Outside Lands']"
Firstryke,Metal,[u'Rocklahoma']
Fitz & The Tantrums,Indie,[u'Coachella']
Five Knives,Rock,[u'Hangout']
Floating Action,Indie,[u'Hangout']
Flogging Molly,Rock,"[u'Free Press Summer Festival', u'Summerfest']"
Florence + The Machine,Indie,"[u'Coachella', u'Governors Ball', u'Bonnaroo', u'Lollapalooza']"
Florida Georgia Line,Country,"[u'CMA Fest', u'Summerfest', u'Kicker Country Stampede']"
Flosstradamus,EDM,"[u'Coachella', u'Spring Awakening']"
Flume,EDM,"[u'Lightning in a Bottle', u'Sasquatch!', u'Governors Ball', u'Free Press Summer Festival', u'Bonnaroo', u'Electric Forest']"
Flux Pavillion,EDM,[u'Electric Forest']
Fly Golden Eagle,Rock,[u'Forecastle']
Flying Lotus,EDM,"[u'Coachella', u'Governors Ball', u'Bonnaroo', u'Lollapalooza']"
Foghat,Rock,[u'Summerfest']
Foo Fighters,Rock,[u'Hangout']
Foster The People,Indie,"[u'Rock in Rio USA - Rock Weekend', u'Hangout', u'Firefly']"
Four Fists,Hip-hop,[u'Middle of the Map']
Fozzy,Metal,[u'Welcome to Rockville']
Frank Turner & the Sleeping Souls,Indie,[u'Hangout']
Frankie Ballard,Country,"[u'Tortuga', u'Stagecoach', u'Summerfest']"
Fred Hersch,Jazz,[u'Newport Jazz']
Freddie Gibbs & Madlib,Hip-hop,[u'Bonnaroo']
Freddy Todd,EDM,[u'Electric Forest']
Freeman,Rock,[u'Free Press Summer Festival']
From Ashes to New,Metal,"[u'Welcome to Rockville', u'Rock on the Range']"
Fruition,Americana,[u'Wakarusa']
"Funk Hunters, featuring Chali 2na",EDM,[u'Electric Forest']
Fur Coat,EDM,[u'Lightning in a Bottle']
Future Brown,EDM,[u'Pitchfork']
Future Islands,Indie,"[u'Hangout', u'Sasquatch!', u'Governors Ball', u'Free Press Summer Festival', u'Pitchfork']"
Futurebirds,Indie,"[u'Counterpoint', u'Free Press Summer Festival']"
Fuzz,Rock,[u'Sasquatch!']
G Jones,EDM,[u'Lightning in a Bottle']
G-Easy,Hip-hop,"[u'Free Press Summer Festival', u'Electric Forest', u'Lollapalooza']"
G-Eazy,Hip-hop,"[u'Bonnaroo', u'Outside Lands']"
GIVERS,Indie,"[u'Wakarusa', u'Lollapalooza', u'Outside Lands']"
GRiZ,EDM,"[u'Hangout', u'Lightning in a Bottle']"
GTA,Pop,[u'Free Press Summer Festival']
Gabriel Garzon-Montano,EDM,[u'Lollapalooza']
Gaelic Storm,World,[u'Summerfest']
Galactic,R&B,[u'Counterpoint']
Galactic ft. Macy Gray,R&B,[u'New Orleans Jazz & Heritage Fes']
Galactic with Macy Gray,R&B,"[u'Hangout', u'Wakarusa', u'Electric Forest']"
Galantis,EDM,[u'Lollapalooza']
Gary Clark Jr.,Rock,"[u'Rock in Rio USA - Rock Weekend', u'Free Press Summer Festival', u'Bonnaroo', u'Firefly', u'Summerfest', u'Lollapalooza']"
Gaslamp Killer,Hip-hop,[u'Rock in Rio USA - Rock Weekend']
Gates,Rock,[u'Middle of the Map']
Generationals,Indie,[u'Firefly']
Genevieve,Pop,[u'Bunbury']
George Ezra,Pop,"[u'Coachella', u'Lollapalooza', u'Outside Lands']"
George Thorogood and the Destroyers,Rock,[u'Stagecoach']
George West,EDM,[u'Free Press Summer Festival']
Gerald Clayton,Jazz,[u'Newport Jazz']
Gesaffelstein,EDM,[u'Coachella']
Ghastly Menace,Indie,[u'Middle of the Map']
Ghost Owl,Rock,[u'Wakarusa']
GiBBZ,EDM,[u'Electric Forest']
Gigantic Underground Conspiracy,EDM,[u'Wakarusa']
Gio Chamba,EDM,[u'Free Press Summer Festival']
Giraffage,EDM,[u'Outside Lands']
Gladkill,EDM,"[u'Lightning in a Bottle', u'Wakarusa']"
Glass Animals,Indie,"[u'Coachella', u'Sasquatch!', u'Wakarusa', u'Free Press Summer Festival', u'Bonnaroo', u'Firefly', u'Lollapalooza', u'Outside Lands']"
Glen David Andrews,R&B,[u'New Orleans Jazz & Heritage Fes']
Go Analog,Indie,[u'Bunbury']
Goapele,R&B,[u'Essence']
Goatwhore,Metal,[u'Free Press Summer Festival']
Godsmack,Metal,"[u'Welcome to Rockville', u'Rock on the Range', u'Rocklahoma']"
Gogol Bordello,Indie,"[u'Sasquatch!', u'Summerfest', u'Lollapalooza']"
GoldLink,Hip-hop,[u'Electric Forest']
Goldfish,EDM,"[u'Counterpoint', u'Wakarusa', u'Electric Forest']"
Goldroom,Pop,"[u'Hangout', u'Lightning in a Bottle', u'Wakarusa', u'Electric Forest']"
Good Time Charley,Americana,[u'Middle of the Map']
Gorgon City,EDM,"[u'Coachella', u'Counterpoint', u'Governors Ball']"
Goshfather & Jinco,EDM,[u'Firefly']
Gov't Mule,Rock,[u'SweetWater 420']
Govinda,EDM,"[u'Lightning in a Bottle', u'Wakarusa']"
Graceful Closure,Rock,[u'Bunbury']
Gracie Schram,Indie,[u'Middle of the Map']
Gramatik,EDM,"[u'Coachella', u'Hangout', u'Bonnaroo', u'Electric Forest']"
Grandtheft,EDM,[u'Spring Awakening']
Gravity A,Rock,[u'Wakarusa']
Green Velvet,EDM,[u'Electric Forest']
Green Velvet & Claude VonStroke,EDM,[u'Outside Lands']
Greenhouse Lounge,EDM,[u'Wakarusa']
Gregg Allman,Rock,[u'Stagecoach']
Gregory Alan Isakov,Indie,[u'Bonnaroo']
Grizfolk,Rock,"[u'Hangout', u'Free Press Summer Festival', u'Firefly']"
Grynch,Hip-hop,[u'Sasquatch!']
Guilla,Hip-hop,[u'Free Press Summer Festival']
Gurrumul,World,[u'New Orleans Jazz & Heritage Fes']
Guster,Rock,[u'Bonnaroo']
Guy Gerber,EDM,[u'Coachella']
HONEYHONEY,Americana,[u'Wakarusa']
Haerts,Indie,[u'Coachella']
Halestorm,Rock,"[u'Welcome to Rockville', u'Rock on the Range', u'Rocklahoma', u'Summerfest']"
Halsey,Pop,"[u'Hangout', u'Firefly', u'Lollapalooza']"
Hardwell,EDM,[u'Spring Awakening']
Hatebreed,Metal,"[u'Welcome to Rockville', u'Rock on the Range']"
Haunt The House,Americana,[u'Newport Folk']
Haywyre,Jazz,"[u'Counterpoint', u'Electric Forest']"
Headhunterz,EDM,[u'Spring Awakening']
Heartfelt Anarchy,Hip-hop,[u'Middle of the Map']
Heartless Bastards,Rock,[u'Newport Folk']
Hearts of Darkness,Hip-hop,[u'Wakarusa']
Heavy Pets,Rock,[u'Counterpoint']
Heidi Lawden,EDM,[u'Rock in Rio USA - Pop Weekend']
Hembree,Indie,"[u'Middle of the Map', u'Wakarusa']"
Henry + The Invisibles,R&B,[u'Wakarusa']
Herlin Riley,Jazz,[u'Newport Jazz']
Hermitude,EDM,"[u'Lightning in a Bottle', u'Counterpoint', u'Wakarusa', u'Governors Ball', u'Lollapalooza']"
Hey Rosetta!,Indie,[u'Firefly']
Highly Suspect,Rock,[u'Rock on the Range']
Hippo Campus,Indie,[u'Lollapalooza']
Hiram,Metal,[u'Free Press Summer Festival']
Hiromi: The Trio Project,Jazz,[u'Newport Jazz']
Hiss Golden Messenger,Indie,"[u'Sasquatch!', u'Bonnaroo']"
Hollywood Undead,Rock,"[u'Welcome to Rockville', u'Rock in Rio USA - Rock Weekend', u'Rock on the Range']"
Holychild,Pop,"[u'Governors Ball', u'Lollapalooza']"
Honey Island Swamp Band,Americana,[u'New Orleans Jazz & Heritage Fes']
Hot Chip,EDM,"[u'Sasquatch!', u'Governors Ball', u'Lollapalooza', u'Outside Lands']"
Hot Natured,EDM,[u'Coachella']
Hot Rize,Bluegrass,[u'Stagecoach']
Houndmouth,Indie,"[u'Hangout', u'Free Press Summer Festival', u'Bonnaroo', u'Forecastle']"
How To Dress Well,Indie,"[u'Firefly', u'Pitchfork']"
Hozier,Pop,"[u'Coachella', u'New Orleans Jazz & Heritage Fes', u'SunFest', u'Bonnaroo', u'Firefly']"
Hucci,EDM,[u'Spring Awakening']
Hundred Waters,Indie,[u'SunFest']
Hunter Leggitt,EDM,[u'Lightning in a Bottle']
Hurley Christin,Pop,[u'Middle of the Map']
Hurray For The Riff Raff,Americana,"[u'Bonnaroo', u'Outside Lands']"
ILoveMakonnen,Hip-hop,"[u'Counterpoint', u'Free Press Summer Festival', u'Pitchfork', u'Forecastle']"
Iceage,Indie,"[u'Free Press Summer Festival', u'Bonnaroo', u'Pitchfork']"
Ilan Bluestone,EDM,[u'Spring Awakening']
Illenium,EDM,[u'Electric Forest']
Illphonics,Hip-hop,[u'Middle of the Map']
In Flames,Metal,"[u'Welcome to Rockville', u'Rock on the Range', u'Rocklahoma']"
In This Moment,Metal,"[u'Welcome to Rockville', u'Rock on the Range', u'Rocklahoma']"
In the Whale,Rock,[u'Lollapalooza']
India.Arie,R&B,[u'Essence']
Indigo Wild,Indie,[u'Bunbury']
Intergalactix,Indie,[u'Firefly']
Interpol,Indie,[u'Coachella']
Iration,Reggae,"[u'SunFest', u'Hangout', u'Outside Lands']"
Irma Thomas,R&B,[u'New Orleans Jazz & Heritage Fes']
Iron & Wine,Indie,[u'Middle of the Map']
Ironing Board Sam,Blues,[u'New Orleans Jazz & Heritage Fes']
Irvin Mayfield & The New Orleans Jazz Orchestra,Jazz,"[u'New Orleans Jazz & Heritage Fes', u'Newport Jazz']"
Isaiah Martin,EDM,[u'Lightning in a Bottle']
Islander,Metal,"[u'Welcome to Rockville', u'Rock on the Range', u'Rocklahoma']"
Ivan Neville's Dumpstaphunk,R&B,"[u'New Orleans Jazz & Heritage Fes', u'Essence']"
Ivete Sangalo,Latin,[u'Rock in Rio USA - Pop Weekend']
Ivy Stone,Rock,[u'Rocklahoma']
J Mascis,Indie,[u'Newport Folk']
J. Roddy Walston & The Business,Rock,"[u'Hangout', u'Governors Ball', u'Summerfest']"
J.E.S.&S.,EDM,[u'Coachella']
JEFF The Brotherhood,Indie,"[u'Hangout', u'Forecastle']"
Jack DeJohnette's Made in Chicago with Henry Threadgill and Muhal Richard Abrams,Jazz,[u'Newport Jazz']
Jack Novak,EDM,"[u'Firefly', u'Lollapalooza']"
Jack U,EDM,[u'Spring Awakening']
Jack White,Rock,[u'Coachella']
JackLNDN,EDM,"[u'Lightning in a Bottle', u'Wakarusa', u'Electric Forest', u'Lollapalooza']"
Jackson Gulick,Country,[u'Kicker Country Stampede']
Jaga Jazzist,Jazz,[u'Electric Forest']
Jake E. Lee's Red Dragon Cartel,Rock,[u'Rocklahoma']
Jake Gill,Country,[u'Kicker Country Stampede']
Jake Owen,Country,"[u'Tortuga', u'Stagecoach']"
Jakubi,Pop,"[u'Wakarusa', u'Electric Forest']"
James Bay,Indie,"[u'Rock in Rio USA - Pop Weekend', u'Lollapalooza', u'Outside Lands']"
James Blake,EDM,[u'Sasquatch!']
James Carter,Jazz,[u'Newport Jazz']
Jamestown Revival,Americana,"[u'Coachella', u'Wakarusa', u'Bunbury', u'Lollapalooza']"
Jamie Cullum,Jazz,[u'Newport Jazz']
Jamie Jones,EDM,[u'Spring Awakening']
Jamie XX,EDM,"[u'Coachella', u'Bonnaroo', u'Pitchfork']"
Jane's Addiction,Rock,[u'Summerfest']
Janover & reSunator,EDM,[u'Wakarusa']
Jared Daniels Band,Country,[u'Kicker Country Stampede']
Jason Aldean,Country,[u'CMA Fest']
Jason Beers,Americana,[u'Middle of the Map']
Jason Bentley,EDM,"[u'Coachella', u'Lightning in a Bottle']"
Jason Eady,Country,[u'Stagecoach']
Jason Lindner,Jazz,[u'Newport Jazz']
Jauz,EDM,[u'Counterpoint']
Jayceeoh,EDM,[u'Firefly']
Jeff Bradshaw,R&B,[u'Essence']
Jeniluv,EDM,[u'Rock in Rio USA - Pop Weekend']
Jenny Lewis,Indie,"[u'Coachella', u'Hangout', u'Sasquatch!']"
Jerrod Niemann,Country,"[u'Stagecoach', u'Kicker Country Stampede']"
Jerry Douglas Presents Earls of Leicester,Bluegrass,[u'Bonnaroo']
Jerry Lee Lewis,Rock,[u'New Orleans Jazz & Heritage Fes']
Jesse Wright,EDM,[u'Lightning in a Bottle']
Jessica Hernandez & the Deltas,Indie,"[u'Bunbury', u'Bonnaroo', u'Lollapalooza']"
Jessica Pratt,Americana,[u'Pitchfork']
Jessie J,Pop,[u'Rock in Rio USA - Pop Weekend']
Jessika Nickel,Country,[u'Kicker Country Stampede']
Jewel Brown with Gregg Stafford's Jazz Hounds,Jazz,[u'New Orleans Jazz & Heritage Fes']
Jimmie Vaughan & Tilt A Whirl Band,Blues,[u'New Orleans Jazz & Heritage Fes']
Jimmy Buffett and the Coral Reefer Band,Pop,[u'New Orleans Jazz & Heritage Fes']
Jimmy Cliff,Reggae,[u'New Orleans Jazz & Heritage Fes']
Jimmy Whispers,Indie,[u'Pitchfork']
Joe Pug,Americana,[u'Firefly']
Joe Russo's Almost Dead,Rock,"[u'Counterpoint', u'Wakarusa', u'Electric Forest']"
Joey Alexander,Jazz,[u'Newport Jazz']
Joey Bada$$,Hip-hop,[u'Hangout']
John & Jacob,Country,[u'Stagecoach']
John Cafferty & The Beaver Brown Band,Rock,[u'SunFest']
John Digweed,EDM,"[u'Lightning in a Bottle', u'Electric Forest']"
John Hollenbeck,Jazz,[u'Newport Jazz']
John Legend,R&B,"[u'New Orleans Jazz & Heritage Fes', u'Rock in Rio USA - Pop Weekend']"
John Moreland,Americana,[u'Stagecoach']
John P. Kee and New Life,Gospel,[u'New Orleans Jazz & Heritage Fes']
John Talabot,EDM,[u'Coachella']
Johnathan Blake,Jazz,[u'Newport Jazz']
Johnny Stimson,Pop,[u'Wakarusa']
Johnnyswim,Americana,[u'SunFest']
Jon Batiste and Stay Human,R&B,[u'Newport Jazz']
Jon Bellion,Hip-hop,[u'Firefly']
Jon Cleary and The Absolute Monster Gentlemen,R&B,"[u'New Orleans Jazz & Heritage Fes', u'Bonnaroo']"
Jon Faddis,Jazz,[u'Newport Jazz']
Jon Hopkins,EDM,[u'Coachella']
Jorge Arana Trio,Rock,[u'Middle of the Map']
Jose Gonzalez,Indie,[u'Sasquatch!']
Joseph,Pop,[u'Electric Forest']
Josh Berwanger Band,Rock,[u'Middle of the Map']
Josh Turner,Country,[u'Tortuga']
Joss Stone,R&B,[u'Rock in Rio USA - Pop Weekend']
José James,R&B,[u'Newport Jazz']
Joyce Manor,Rock,[u'Coachella']
Joywave,Indie,[u'Hangout']
Judah & The Lion,Americana,"[u'Tortuga', u'Wakarusa']"
Judas Priest,Metal,[u'Rock on the Range']
Jungle,R&B,"[u'Coachella', u'Sasquatch!', u'Firefly']"
Justin Martin,EDM,[u'Spring Awakening']
Justin Moore,Country,[u'Stagecoach']
Juvenile & Mannie Fresh Together,Hip-hop,[u'New Orleans Jazz & Heritage Fes']
KEM,R&B,[u'Essence']
KMLN,EDM,[u'Lightning in a Bottle']
KOA,Rock,[u'Wakarusa']
Kacey Musgraves,Country,"[u'Stagecoach', u'New Orleans Jazz & Heritage Fes', u'Bunbury']"
Kangaroo Knife Fight,Indie,[u'Middle of the Map']
Kansas,Rock,[u'Summerfest']
Kap Slap,EDM,[u'Wakarusa']
Karl Denson's Tiny Universe,Jazz,[u'Outside Lands']
Kasabian,Rock,[u'Coachella']
Kasey Rausch w/ Chad Brothers,Americana,[u'Middle of the Map']
Kaskade,EDM,"[u'Coachella', u'SunFest', u'Summerfest', u'Electric Forest', u'Lollapalooza']"
Kate Tempest,Hip-hop,"[u'Sasquatch!', u'Governors Ball']"
Katy Guillen & The Girls,Rock,[u'Middle of the Map']
Kawehi,Pop,[u'Wakarusa']
Kaytranada,EDM,"[u'Coachella', u'Governors Ball']"
Kehlani,R&B,[u'SunFest']
Keith Anderson,Country,[u'Stagecoach']
Keith Urban,Country,"[u'New Orleans Jazz & Heritage Fes', u'CMA Fest', u'Summerfest']"
Kele,Indie,[u'Coachella']
Keller Williams,Rock,[u'Summerfest']
Kellie Pickler,Country,[u'Summerfest']
Kelly Price,R&B,[u'Essence']
Kendrick Lamar,Hip-hop,"[u'Sasquatch!', u'Bonnaroo', u'Summerfest', u'Essence', u'Outside Lands']"
Kenny Chesney,Country,[u'Tortuga']
Kenny Garrett,Jazz,"[u'New Orleans Jazz & Heritage Fes', u'Newport Jazz']"
Kenny Wayne Shepherd,Rock,[u'Summerfest']
Kermit Ruffins & The BBQ Swingers,Jazz,[u'New Orleans Jazz & Heritage Fes']
Keys N Krates,EDM,"[u'Coachella', u'Spring Awakening']"
Kid Cudi,Hip-hop,"[u'Firefly', u'Lollapalooza']"
Kid Runner,Pop,[u'Bunbury']
Kiesza,EDM,"[u'Coachella', u'Sasquatch!', u'Governors Ball', u'Forecastle']"
Kife Party,EDM,[u'Counterpoint']
Kill Them With Colour,EDM,[u'Firefly']
Kimbra,Indie,[u'Coachella']
Kindred The Family Soul,R&B,[u'Essence']
King Gizzard and the Lizard Wizard,Indie,[u'Bonnaroo']
King Tuff,Indie,"[u'Sasquatch!', u'Forecastle']"
Kingdragon,Metal,[u'Rocklahoma']
Kings of Leon,Rock,"[u'Firefly', u'Summerfest']"
Kingsize,Rock,[u'Firefly']
Kinski,Rock,[u'Sasquatch!']
Kip Moore,Country,"[u'Stagecoach', u'Summerfest']"
Kneebody,Jazz,[u'Newport Jazz']
Knox Hamilton,Indie,"[u'Middle of the Map', u'SunFest', u'Hangout', u'Firefly', u'Forecastle']"
Koan Sound,EDM,"[u'Lightning in a Bottle', u'Electric Forest']"
Kongos,Rock,[u'Summerfest']
Kool Moe Dee,Hip-hop,[u'Essence']
Kopecky,Indie,"[u'Hangout', u'Wakarusa']"
Korn,Rock,[u'Welcome to Rockville']
Krewella,EDM,[u'Hangout']
Kristian Bush of Sugarland,Country,[u'Summerfest']
Krooked Drivers,Hip-hop,[u'Wakarusa']
Kurt Vile And The Violators,Indie,[u'Pitchfork']
Kygo,EDM,"[u'Coachella', u'Counterpoint', u'Firefly', u'Lollapalooza']"
Kyle Hollingsworth Band,Rock,[u'SweetWater 420']
Kyle Thornton & the Company,R&B,[u'Lollapalooza']
LE1F,Hip-hop,[u'Firefly']
La Guerre,Indie,[u'Middle of the Map']
La Santa Cecilia,Latin,[u'New Orleans Jazz & Heritage Fes']
Lady Antebellum,Country,[u'CMA Fest']
Lafa Taylor,EDM,[u'Electric Forest']
Lagbaja,World,[u'New Orleans Jazz & Heritage Fes']
Lake Street Dive,Indie,"[u'Hangout', u'Outside Lands']"
Lamp Shade Betty,Rock,[u'Rocklahoma']
Lana Del Rey,Indie,"[u'Sasquatch!', u'Governors Ball']"
Lane 8,EDM,[u'Spring Awakening']
Langhorne Slim & The Law,Americana,"[u'Newport Folk', u'Outside Lands']"
Lapa,EDM,[u'Lightning in a Bottle']
Lara Wisdom,Country,[u'Kicker Country Stampede']
Late Night Radio,Hip-hop,[u'Wakarusa']
Laura Lisbeth,Country,[u'Kicker Country Stampede']
Laura Marling,Americana,"[u'Newport Folk', u'Outside Lands']"
Lauren Anderson Band,Rock,[u'Middle of the Map']
Lecrae,Hip-hop,"[u'Free Press Summer Festival', u'Summerfest']"
Lee Bains III & The Glory Fires,Rock,[u'Middle of the Map']
Lee Curtiss,EDM,[u'Lightning in a Bottle']
Leftover Salmon,Rock,[u'Summerfest']
Lenny Kravitz,Rock,[u'SunFest']
Leo Gandelman,Jazz,[u'Rock in Rio USA - Rock Weekend']
Leon Bridges,R&B,"[u'Middle of the Map', u'Newport Folk', u'Outside Lands']"
Les Sins,Indie,[u'Lightning in a Bottle']
Letts,Indie,[u'SunFest']
Lettuce,R&B,"[u'Counterpoint', u'Firefly', u'Electric Forest']"
Life On Planets,Indie,[u'Electric Forest']
Lights,Pop,[u'Coachella']
Like a Storm,Rock,"[u'Welcome to Rockville', u'Rock on the Range', u'Rocklahoma']"
Lil 'Ed And The Blues Imperials,Blues,[u'New Orleans Jazz & Heritage Fes']
Lil B,Hip-hop,[u'Coachella']
Lil Dicky,Hip-hop,[u'Bunbury']
Lily Nelsen,Country,[u'Kicker Country Stampede']
Lindi Ortega,Americana,[u'Stagecoach']
Lindsay Lou & the Flatbellys,Americana,[u'Stagecoach']
Lindsay Lowend,EDM,"[u'Lightning in a Bottle', u'Wakarusa']"
Lindsey Stirling,Indie,"[u'SunFest', u'Bunbury', u'Summerfest', u'Electric Forest', u'Outside Lands']"
Linkin Park,Rock,"[u'Rock in Rio USA - Rock Weekend', u'Rock on the Range', u'Rocklahoma', u'Summerfest']"
Linus Young,Indie,[u'Firefly']
Lion Babe,R&B,[u'Lollapalooza']
Lisa Fischer,R&B,[u'Newport Jazz']
Little Big Town,Country,"[u'Tortuga', u'CMA Fest']"
Little Dragon,EDM,"[u'Sasquatch!', u'Governors Ball']"
Little People,EDM,"[u'Lightning in a Bottle', u'Electric Forest']"
Live,Rock,[u'Rock on the Range']
Lizzo,Hip-hop,"[u'SunFest', u'Sasquatch!', u'Firefly']"
Locash,Country,[u'Kicker Country Stampede']
Loco Dice,EDM,[u'Coachella']
Logan Brill,Americana,[u'Stagecoach']
Logan Mize,Country,[u'Stagecoach']
Logic,Hip-hop,"[u'Governors Ball', u'Firefly', u'Lollapalooza']"
Lola Black,Metal,[u'Rocklahoma']
Loma Prieta,Rock,[u'Middle of the Map']
London's Dungeon,Rock,[u'Rocklahoma']
Lonesome As Gold,Rock,[u'Bunbury']
Lord Huron,Indie,"[u'Middle of the Map', u'Lollapalooza']"
Los Rakas,Hip-hop,[u'Coachella']
Lotus,EDM,"[u'Wakarusa', u'Electric Forest']"
Lou Donaldson,Jazz,[u'Newport Jazz']
Love And Theft,Country,[u'Kicker Country Stampede']
Lovebettie,Rock,[u'Rocklahoma']
Loveblast,Rock,[u'Rocklahoma']
Lucas Maddy & the Jagged Edge,Country,[u'Kicker Country Stampede']
Lucent Dossier Experience,EDM,[u'Lightning in a Bottle']
Lucky Peterson,R&B,[u'Newport Jazz']
Luke Amelang,Americana,[u'Stagecoach']
Luke Bryan,Country,[u'CMA Fest']
Luke James,R&B,[u'New Orleans Jazz & Heritage Fes']
Lunice,EDM,[u'Counterpoint']
Lupe Fiasco,Hip-hop,"[u'Hangout', u'Summerfest']"
Lydia Loveless,Americana,[u'Stagecoach']
Lykke Li,Indie,[u'Coachella']
Lynam,Rock,[u'Rocklahoma']
MAKO,EDM,"[u'Electric Forest', u'Lollapalooza']"
METZ,Rock,[u'Outside Lands']
MJ Cole,EDM,[u'Electric Forest']
MK,EDM,"[u'Coachella', u'Spring Awakening']"
MMEA All-State Jazz Band,Jazz,[u'Newport Jazz']
MS MR,Indie,[u'Lollapalooza']
MVTH,Rock,[u'Rock in Rio USA - Rock Weekend']
Mac Davis,Country,[u'Stagecoach']
Mac DeMarco,Indie,"[u'Coachella', u'Bonnaroo', u'Pitchfork', u'Outside Lands']"
Mach22,Rock,[u'Rocklahoma']
Machineheart,Rock,[u'Bunbury']
Maddie & Tae,Country,"[u'Tortuga', u'Stagecoach']"
Made in Heights,EDM,"[u'Lightning in a Bottle', u'Electric Forest']"
Madeon,EDM,[u'Coachella']
Madisen Ward & The Mama Bear,Americana,"[u'Middle of the Map', u'Bonnaroo', u'Newport Folk']"
Madlib & Freddie Gibbs,Hip-hop,[u'Pitchfork']
Magic Man,Rock,[u'Middle of the Map']
Magic!,Reggae,"[u'Rock in Rio USA - Pop Weekend', u'Summerfest']"
Major Lazer,EDM,"[u'Hangout', u'Wakarusa', u'Free Press Summer Festival']"
Mali Music,R&B,[u'Essence']
Mana,Rock,[u'Rock in Rio USA - Rock Weekend']
Manatee Commune,EDM,[u'Sasquatch!']
Manchester Orchestra,Indie,"[u'Firefly', u'Summerfest']"
Mancheter Orchestra,Indie,[u'Bunbury']
Manic Focus,EDM,[u'Counterpoint']
Manila Killa,EDM,[u'Firefly']
Mano Le Tough,EDM,[u'Lightning in a Bottle']
Maps for Travelers,Rock,[u'Middle of the Map']
Marc Broussard,R&B,[u'SweetWater 420']
March Fourth Marching Band,Rock,[u'SweetWater 420']
MarchFourth!,World,[u'Wakarusa']
Marcia Ball,Blues,[u'New Orleans Jazz & Heritage Fes']
Marcos Valle,Latin,[u'Rock in Rio USA - Pop Weekend']
Maria Schneider Orchestra,Jazz,[u'Newport Jazz']
Marian Hill,Pop,[u'Firefly']
Marilyn Manson,Rock,"[u'Welcome to Rockville', u'Rock on the Range']"
Marina and the Diamonds,Indie,"[u'Coachella', u'Governors Ball', u'Lollapalooza']"
Markham,Rock,[u'Bunbury']
Marmozets,Rock,[u'Rock on the Range']
Marques Wyatt,EDM,[u'Coachella']
Martin Garrix,EDM,[u'Spring Awakening']
Martin Solveig,EDM,[u'Coachella']
Martina McBride,Country,[u'Summerfest']
MartyParty,EDM,[u'Electric Forest']
Mary J. Blige,R&B,[u'Essence']
Mary Lambert,R&B,[u'Hangout']
Mastodon,Metal,[u'Free Press Summer Festival']
Mat Kearney,Rock,[u'Summerfest']
Matana Roberts,Jazz,[u'Newport Jazz']
Mates of State,Indie,[u'Summerfest']
Matisyahu,Indie,"[u'SunFest', u'Wakarusa']"
Matoma,Pop,"[u'Firefly', u'Electric Forest']"
Matt & Kim,Indie,"[u'Bunbury', u'Firefly']"
Matthew Curry,Rock,[u'Wakarusa']
Matthew Koma,EDM,[u'Coachella']
Mavis Staples,R&B,[u'Summerfest']
Max Frost,Indie,[u'Firefly']
Max Justus,EDM,[u'Middle of the Map']
Mayer Hawthorne,R&B,[u'Governors Ball']
Maze,R&B,[u'New Orleans Jazz & Heritage Fes']
McKenzie JaLynn & the Renegades,Country,[u'Kicker Country Stampede']
Me Like Bees,Indie,[u'Middle of the Map']
"Medeski, Scofield, Martin & Wood",Jazz,[u'Bonnaroo']
Meg Myers,Rock,[u'Summerfest']
Merchandise,Indie,[u'Sasquatch!']
Merle Haggard,Country,[u'Stagecoach']
Metallica,Metal,"[u'Rock in Rio USA - Rock Weekend', u'Lollapalooza']"
Miami Horror,EDM,[u'Electric Forest']
Michal Menert,EDM,[u'Counterpoint']
Michel Camilo/Hiromi Piano Duets,Jazz,[u'Newport Jazz']
Mick Jenkins,Hip-hop,[u'Lollapalooza']
Mickey Avalon,Hip-hop,[u'Middle of the Map']
Mickey Gilley in the Honky Tonk,Country,[u'Stagecoach']
Midnight Magic,Indie,[u'Electric Forest']
Mighty Oaks,Indie,[u'Lollapalooza']
Mija,EDM,"[u'Middle of the Map', u'Spring Awakening']"
Mike Stern/Bill Evans,Jazz,[u'Newport Jazz']
Mikey Lion,EDM,[u'Lightning in a Bottle']
Mikky Ekko,Indie,"[u'Rock in Rio USA - Pop Weekend', u'Bunbury']"
Milky Chance,Indie,"[u'Coachella', u'SunFest', u'Sasquatch!', u'Outside Lands']"
Milo Greene,Indie,"[u'Sasquatch!', u'Firefly', u'Forecastle']"
Mini Mansions,Indie,[u'Bunbury']
Ministry,Rock,"[u'Welcome to Rockville', u'Rock on the Range', u'Rocklahoma']"
Minnesota,EDM,"[u'Counterpoint', u'Wakarusa', u'Electric Forest']"
Miranda Lambert,Country,[u'Stagecoach']
Missy Elliott,Hip-hop,[u'Essence']
Mista Cookie Jar & the Chocolate Chips,Pop,[u'Lollapalooza']
MisterWives,Indie,"[u'Hangout', u'Summerfest', u'Lollapalooza', u'Outside Lands']"
Modest Mouse,Indie,"[u'Sasquatch!', u'Firefly', u'Forecastle']"
Moe.,Rock,[u'SweetWater 420']
Moji,Rock,[u'Free Press Summer Festival']
Monty Alexander: Harlem-Kingston Express,Jazz,[u'New Orleans Jazz & Heritage Fes']
Moody Good,Pop,[u'Wakarusa']
Moon Taxi,Indie,"[u'Wakarusa', u'Governors Ball', u'Free Press Summer Festival', u'Bonnaroo', u'Lollapalooza']"
Morgan Page,EDM,[u'Spring Awakening']
Morillo,EDM,[u'Lightning in a Bottle']
Morning Star Missionary Baptist Church Mass Choir,,[u'New Orleans Jazz & Heritage Fes']
Morrissey,Rock,[u'Firefly']
Mortar and Pestle,Pop,[u'Lightning in a Bottle']
Mother Mother,Indie,"[u'Firefly', u'Summerfest']"
Motherfolk,Indie,[u'Bunbury']
Motion City Soundtrack,Rock,[u'Summerfest']
Motion Potion,EDM,[u'Electric Forest']
Motionless in White,Metal,"[u'Welcome to Rockville', u'Rock on the Range', u'Rocklahoma']"
Mountain Sprout,Bluegrass,[u'Wakarusa']
Mourn,Indie,[u'Pitchfork']
Mouth,Rock,[u'Wakarusa']
Mr Twin Sister,Indie,[u'Pitchfork']
"Ms. Ruby Wilson's Tribute to Bessie Smith ft. Brian ""Breeze"" Cayolle",Blues,[u'New Orleans Jazz & Heritage Fes']
Mt. Eden,EDM,"[u'Electric Forest', u'Lollapalooza']"
Multimagic,Indie,[u'Bunbury']
Mumford & Sons,Rock,"[u'Bonnaroo', u'Outside Lands']"
Murder Vibes,Rock,[u'Sasquatch!']
Murder by Death,Indie,[u'Middle of the Map']
My Body Sings Electric,Indie,[u'Middle of the Map']
My Goodness,Rock,[u'Sasquatch!']
My Morning Jacket,Indie,"[u'Hangout', u'Governors Ball', u'Bonnaroo', u'Forecastle']"
My Oh My,Rock,[u'Middle of the Map']
Mycah,Rock,[u'Rocklahoma']
Myon & Shane 54,EDM,[u'Spring Awakening']
Mystery,Rock,[u'Rocklahoma']
Mystikal,Hip-hop,[u'Essence']
MØ,EDM,"[u'Coachella', u'Sasquatch!', u'Governors Ball', u'Bonnaroo']"
Nadus,EDM,"[u'Wakarusa', u'Electric Forest']"
Nahko and Medicine for the People,World,[u'Wakarusa']
Nasty Habit,Rock,[u'Rocklahoma']
Natalie Prass,Indie,"[u'Sasquatch!', u'Pitchfork', u'Outside Lands']"
Nate Ruess,Indie,[u'Outside Lands']
Nattali Rize & Notis,World,"[u'Wakarusa', u'Electric Forest']"
Natural Child,Rock,"[u'Hangout', u'Wakarusa']"
Neal McCoy,Country,[u'CMA Fest']
Nero,EDM,"[u'Coachella', u'Lollapalooza']"
New Medicine,Rock,[u'Rock on the Range']
New Politics,Rock,[u'Summerfest']
New World Punx,EDM,[u'Coachella']
Nicholas Payton,Jazz,[u'New Orleans Jazz & Heritage Fes']
Nick Catchdubs,Hip-hop,[u'Firefly']
Nick Monaco,EDM,[u'Electric Forest']
Nicky Romero,EDM,[u'Lollapalooza']
Nicnos,Rock,[u'Rocklahoma']
Nico + Vinz,Hip-hop,[u'Essence']
Nicole Moudaber,EDM,[u'Spring Awakening']
Night Drive,Indie,[u'Free Press Summer Festival']
Night Terrors of 1927,Pop,"[u'Coachella', u'Firefly', u'Lollapalooza']"
Nikki Lane,Country,"[u'Tortuga', u'Stagecoach', u'Newport Folk']"
No Doubt,Rock,"[u'New Orleans Jazz & Heritage Fes', u'Rock in Rio USA - Rock Weekend']"
Noah Gundersen,Indie,[u'Forecastle']
Noel Gallagher's High Flying Birds,Rock,[u'Governors Ball']
Nonpoint,Metal,"[u'Welcome to Rockville', u'Rock on the Range', u'Rocklahoma']"
Nortec Collective Presents: Bostich + Fussible,EDM,[u'Coachella']
Not A Planet,Indie,[u'Middle of the Map']
Nothing,Indie,[u'Sasquatch!']
ODESZA,EDM,"[u'Coachella', u'Hangout', u'Lightning in a Bottle', u'Sasquatch!', u'Governors Ball', u'Free Press Summer Festival', u'Bonnaroo', u'Firefly', u'Electric Forest', u'Lollapalooza', u'Outside Lands']"
OK Go,Indie,[u'Middle of the Map']
Of Mice & Men,Metal,"[u'Welcome to Rockville', u'Rock in Rio USA - Rock Weekend', u'Rock on the Range', u'Rocklahoma']"
Of Monsters And Men,Indie,"[u'Sasquatch!', u'Lollapalooza']"
Off!,Rock,[u'Coachella']
Old 97's ,Americana,[u'Wakarusa']
Old Crow Medicine Show,Americana,[u'Bunbury']
Old Dominion,Country,"[u'Tortuga', u'Kicker Country Stampede']"
Old Hundred,Indie,[u'Bunbury']
Old Salt Union,Bluegrass,[u'Stagecoach']
Old Shoe,Rock,[u'Wakarusa']
Old Sound,Americana,[u'Middle of the Map']
Oliver Heldens,EDM,"[u'Coachella', u'Spring Awakening']"
Open Mike Eagle,Hip-hop,[u'Middle of the Map']
Otherwise,Rock,[u'Rocklahoma']
Otis Clay,R&B,[u'Summerfest']
Ott,EDM,"[u'Lightning in a Bottle', u'Counterpoint']"
Ottertrail Native American Dance Troupe,World,[u'New Orleans Jazz & Heritage Fes']
Ought,Rock,"[u'Sasquatch!', u'Pitchfork']"
Outlaws,Rock,[u'Stagecoach']
Outsides,Pop,[u'Middle of the Map']
Over The Rhine,Americana,[u'Forecastle']
Ozomatli,Latin,[u'Wakarusa']
Pallbearer,Metal,"[u'Free Press Summer Festival', u'Bonnaroo']"
Paloma Faith,Jazz,[u'New Orleans Jazz & Heritage Fes']
Pan Astral,Indie,[u'Electric Forest']
Panama Wedding,Indie,[u'Firefly']
Panda Bear,EDM,"[u'Coachella', u'Lightning in a Bottle', u'Pitchfork']"
Papa Roach,Rock,"[u'Rock on the Range', u'Rocklahoma']"
Papadosio,Indie,[u'Counterpoint']
Paparoach,Rock,[u'Welcome to Rockville']
Paper Diamond,EDM,[u'Wakarusa']
Paramore,Rock,"[u'SunFest', u'Hangout']"
Paris Hilton,EDM,[u'Summerfest']
Parker Millsap,Americana,[u'Stagecoach']
Parmalee,Country,[u'Stagecoach']
Parquet Courts,Indie,"[u'Coachella', u'Pitchfork']"
Particle,Rock,[u'Wakarusa']
Party Favor,EDM,[u'Spring Awakening']
Pastor Marvin Sapp,Gospel,[u'New Orleans Jazz & Heritage Fes']
Pat Benetar and Neil Giraldo,Rock,[u'Summerfest']
Pat Martino,Jazz,[u'Newport Jazz']
Paul McCartney,Rock,"[u'Firefly', u'Lollapalooza']"
Paul Oakenfold,EDM,[u'Electric Forest']
Paul Van Dyk,EDM,[u'Spring Awakening']
Peelander-Z,Rock,[u'Middle of the Map']
Pegboard Nerds,EDM,[u'Spring Awakening']
Pegi Young & the Survivors,Americana,[u'Stagecoach']
Peking Duk,EDM,"[u'Coachella', u'Electric Forest', u'Lollapalooza']"
Pell,R&B,[u'Lollapalooza']
Pentagram,Metal,[u'Free Press Summer Festival']
People Under The Stairs,Hip-hop,"[u'Governors Ball', u'Forecastle']"
People's Blues of Richmond,Rock,[u'Electric Forest']
Pepeu Gomes,Rock,[u'Rock in Rio USA - Rock Weekend']
Pepper,Rock,[u'Summerfest']
Perfume Genius,Indie,"[u'Coachella', u'Sasquatch!', u'Pitchfork']"
Periphery,Metal,"[u'Welcome to Rockville', u'Rock on the Range', u'Rocklahoma']"
Pete Tong,EDM,"[u'Coachella', u'Electric Forest']"
Peter Evans,Jazz,[u'Newport Jazz']
Peter Hook & The Light,Rock,[u'Middle of the Map']
Phantogram,EDM,"[u'Hangout', u'Electric Forest']"
Phil Vassar,Country,[u'Summerfest']
Philip Selway,Indie,"[u'Coachella', u'Lollapalooza']"
Phillip Phillips,Pop,[u'Summerfest']
Phox,Indie,"[u'Coachella', u'Middle of the Map', u'Sasquatch!', u'Bonnaroo', u'Firefly', u'Summerfest']"
Phutureprimitive,EDM,"[u'Lightning in a Bottle', u'Electric Forest']"
Pianos Become The Teeth,Rock,[u'Middle of the Map']
Pillowtalk,Pop,[u'Lightning in a Bottle']
Pine Leaf Boys: Louisiana Music,Americana,[u'New Orleans Jazz & Heritage Fes']
Pink Royal,Indie,[u'Middle of the Map']
Pitbull,Hip-hop,[u'New Orleans Jazz & Heritage Fes']
Pixies,Indie,[u'SunFest']
Play Dead,Rock,[u'Wakarusa']
Playing To Vapors,Indie,[u'Bunbury']
Pluto Revolts,Rock,[u'Bunbury']
Pokey Lafarge,Americana,[u'Bonnaroo']
Polica,Rock,[u'Lightning in a Bottle']
Poor Bishop Hooper,Americana,[u'Middle of the Map']
Pope,Indie,[u'Free Press Summer Festival']
Porter Ray,Hip-hop,[u'Sasquatch!']
Porter Robinson,EDM,"[u'Coachella', u'Outside Lands']"
Portugal. The Man,Indie,"[u'Wakarusa', u'Free Press Summer Festival', u'Forecastle']"
Preservation Hall Jazz Band,Jazz,"[u'New Orleans Jazz & Heritage Fes', u'Hangout', u'Electric Forest']"
Primus,Rock,[u'SweetWater 420']
Prinze George,Indie,[u'Firefly']
Priory,Indie,"[u'Governors Ball', u'Bonnaroo']"
Prismo,EDM,[u'Free Press Summer Festival']
ProbCause,Hip-hop,[u'Wakarusa']
Project Terror,Metal,[u'Rocklahoma']
Protomartyr,Indie,[u'Pitchfork']
Public Enemy,Hip-hop,[u'Summerfest']
Pujol,Indie,[u'Middle of the Map']
Pumpkin,EDM,[u'Lightning in a Bottle']
Punch Brothers,Americana,"[u'Bonnaroo', u'Summerfest']"
Pyrotec,EDM,[u'Lightning in a Bottle']
Q Brothers,Hip-hop,[u'Lollapalooza']
Quantic,EDM,[u'Wakarusa']
Queensryche,Metal,"[u'Welcome to Rockville', u'Rocklahoma']"
Quilt,Rock,[u'Sasquatch!']
Quixotic,EDM,[u'Wakarusa']
R. Kelly,R&B,[u'Free Press Summer Festival']
R3hab,EDM,[u'Coachella']
RAC,EDM,[u'Coachella']
RIMEA Sr. All-State Jazz Ensemble,Jazz,[u'Newport Jazz']
RJD2,Hip-hop,[u'Firefly']
RL Grime,EDM,"[u'Lightning in a Bottle', u'Counterpoint', u'Free Press Summer Festival', u'Forecastle', u'Lollapalooza', u'Outside Lands']"
Radkey,Rock,[u'Coachella']
Rae Sremmurd,Hip-hop,[u'Governors Ball']
Raekwon and Ghostface Killah,Hip-hop,[u'Coachella']
Ragdoll,Rock,[u'Rocklahoma']
Raheem Devaughn,R&B,[u'Essence']
Random Rab,EDM,[u'Lightning in a Bottle']
Rascal Flatts,Country,[u'CMA Fest']
Ratatat,Indie,"[u'Coachella', u'Governors Ball']"
Ratchet Dolls,Rock,[u'Rocklahoma']
Raury,Indie,"[u'Sasquatch!', u'Firefly', u'Lollapalooza']"
Reach,Hip-hop,[u'Middle of the Map']
Real Estate,Indie,[u'Sasquatch!']
Rebelution,Reggae,"[u'Counterpoint', u'Wakarusa']"
Rebirth Brass Band,Jazz,[u'New Orleans Jazz & Heritage Fes']
Red Sun Rising,Rock,"[u'Welcome to Rockville', u'Rock on the Range']"
Red Wanting Blues,Rock,[u'SweetWater 420']
Renato Ratier,EDM,[u'Rock in Rio USA - Pop Weekend']
Reptar,Rock,[u'Wakarusa']
Reverend Horton Heat,Rock,"[u'Coachella', u'Bunbury']"
Rhiannon Giddens,Americana,[u'Bonnaroo']
Ride,Rock,[u'Coachella']
Rise Against,Rock,"[u'Rock in Rio USA - Rock Weekend', u'Rock on the Range']"
Rising Appalachia,World,"[u'Lightning in a Bottle', u'Wakarusa']"
Rising Dragon Lion Dance Team,World,[u'New Orleans Jazz & Heritage Fes']
Rival Sons,Rock,[u'Rock on the Range']
Riverboat Gamblers,Rock,[u'Free Press Summer Festival']
Rixton,Pop,[u'Summerfest']
Rob Garza,EDM,[u'Wakarusa']
Robert Cray,Blues,[u'New Orleans Jazz & Heritage Fes']
Robert DeLong,EDM,"[u'Hangout', u'Counterpoint', u'Outside Lands']"
Robert Ellis,Country,[u'Free Press Summer Festival']
Robert Glasper,Jazz,[u'Essence']
Robert Plant & The Sensational Space Shifters,Rock,"[u'Sasquatch!', u'Bonnaroo']"
Rocket From The Crypt,Rock,[u'Free Press Summer Festival']
"Rockin' Dopsie, Jr. & The Zydeco Twisters",Americana,[u'New Orleans Jazz & Heritage Fes']
Rose Windows,Rock,[u'Sasquatch!']
Rose's Pawn Shop,Americana,[u'Wakarusa']
Rosie Ledet & The Zydeco Playboys,Americana,[u'New Orleans Jazz & Heritage Fes']
Royal Blood,Indie,"[u'Coachella', u'Sasquatch!', u'Governors Ball', u'Bunbury', u'Bonnaroo']"
Royal Teeth,Indie,[u'New Orleans Jazz & Heritage Fes']
Royalphonic,R&B,[u'Middle of the Map']
Rubblebucket,Indie,[u'Hangout']
Rudimental,Indie,"[u'Governors Ball', u'Bonnaroo']"
Ruen Brothers,Rock,"[u'Coachella', u'Sasquatch!']"
Ruff Justice,Metal,[u'Rocklahoma']
Run the Jewels,Hip-hop,"[u'Coachella', u'Sasquatch!', u'Bonnaroo', u'Firefly', u'Pitchfork']"
Russ Liquid,EDM,"[u'Wakarusa', u'Electric Forest']"
Rustie,EDM,"[u'Sasquatch!', u'Wakarusa', u'Governors Ball', u'Bonnaroo', u'Firefly']"
Ryan Adams,Rock,"[u'Coachella', u'New Orleans Jazz & Heritage Fes', u'Sasquatch!', u'Governors Ball']"
Ryan Hemsworth,EDM,[u'Coachella']
Ryley Walker,Americana,[u'Pitchfork']
Ryn Weaver,Pop,"[u'Coachella', u'Bonnaroo', u'Firefly', u'Lollapalooza', u'Outside Lands']"
S (Jenn Ghetto),Indie,[u'Sasquatch!']
SAVOY,Rock,"[u'Wakarusa', u'Spring Awakening']"
SBTRKT,EDM,"[u'Coachella', u'Lightning in a Bottle', u'Sasquatch!', u'Governors Ball', u'Bonnaroo']"
SNBRN,Indie,"[u'Hangout', u'Lightning in a Bottle', u'Firefly', u'Electric Forest', u'Lollapalooza']"
SOJA,Reggae,"[u'SunFest', u'Bonnaroo']"
STS9,EDM,"[u'Wakarusa', u'Bonnaroo']"
STWO,EDM,[u'Lightning in a Bottle']
SZA,R&B,"[u'Bonnaroo', u'Essence', u'Lollapalooza', u'Outside Lands']"
Sabaton,Metal,[u'Rock on the Range']
Saint Motel,Pop,"[u'Coachella', u'Summerfest']"
Saints of Valory,Rock,[u'Rock in Rio USA - Rock Weekend']
Sam Fermin,Pop,[u'Sasquatch!']
Sam Hunt,Country,"[u'Tortuga', u'CMA Fest']"
Sam Lachow,Hip-hop,[u'Sasquatch!']
Sam Llanas,Rock,[u'Summerfest']
Sam Smith,Pop,"[u'Rock in Rio USA - Pop Weekend', u'Hangout', u'Forecastle', u'Lollapalooza', u'Outside Lands']"
Sammy Bliss,EDM,[u'Lightning in a Bottle']
Sammy Hagar and the Circle,Rock,"[u'SunFest', u'Summerfest']"
San Fermin,Pop,"[u'Hangout', u'Forecastle']"
Sander Van Doorn,EDM,[u'Spring Awakening']
Sango,Hip-hop,"[u'Counterpoint', u'Electric Forest']"
Sangre,Metal,[u'Welcome to Rockville']
Santa Cruz,Metal,[u'Rock on the Range']
Santigold,Pop,[u'Summerfest']
Sara Evans,Country,"[u'Stagecoach', u'Kicker Country Stampede']"
Sarah Aili,Country,[u'Kicker Country Stampede']
Sarah Jaffe,Indie,[u'Free Press Summer Festival']
Sasha McVeigh,Country,[u'Kicker Country Stampede']
Savanna Chestnut,Country,[u'Kicker Country Stampede']
Saxon,Metal,[u'Rock on the Range']
Scale The Summit,Metal,[u'Free Press Summer Festival']
School of Rock Allstars,Rock,[u'Lollapalooza']
Schoolboy Q,Hip-hop,"[u'SunFest', u'Sasquatch!', u'Summerfest']"
Scott Robinson,Jazz,[u'Newport Jazz']
Scott Weiland and the Wildabouts,Rock,"[u'Welcome to Rockville', u'Rock on the Range', u'Rocklahoma']"
Scruffy & The Janitors,Rock,[u'Middle of the Map']
Sean Rowe,Americana,[u'Middle of the Map']
Second Lovers,Americana,[u'Free Press Summer Festival']
Seoul,Pop,[u'Middle of the Map']
September Mourning,Rock,[u'Rock on the Range']
Sepultura ft. Steve Vai,Metal,[u'Rock in Rio USA - Rock Weekend']
Seun Kuti & Egypt 80,World,"[u'Summerfest', u'Electric Forest']"
Seven Lions,EDM,[u'Spring Awakening']
Sevyn Streeter,Hip-hop,[u'Essence']
Shabazz Palaces,Indie,[u'Bonnaroo']
Shakey Graves,Americana,"[u'Sasquatch!', u'Bunbury', u'Bonnaroo', u'Summerfest', u'Newport Folk', u'Lollapalooza', u'Outside Lands']"
Shaman's Harvest,Rock,"[u'Rock on the Range', u'Rocklahoma']"
Shamir,EDM,[u'Pitchfork']
Shaprece,EDM,[u'Sasquatch!']
Sharon Van Etten,Indie,"[u'Sasquatch!', u'Governors Ball']"
Shaun Frank,EDM,[u'Firefly']
Shaun Reeves,EDM,[u'Lightning in a Bottle']
Shawn James & The Shapeshifters,Rock,[u'Wakarusa']
She's A Keeper,Americana,[u'Middle of the Map']
Sheila E.,R&B,[u'Summerfest']
Sheppa/Body2Body,EDM,[u'Middle of the Map']
Sheppard,Indie,[u'Lollapalooza']
Sheryl Crow,Rock,[u'Summerfest']
Shiba San,EDM,"[u'Lightning in a Bottle', u'Spring Awakening']"
Shiner,Rock,[u'Middle of the Map']
Shirley Ceasar,Gospel,[u'New Orleans Jazz & Heritage Fes']
Shooter Jennings,Country,[u'New Orleans Jazz & Heritage Fes']
Shovels & Rope,Americana,"[u'New Orleans Jazz & Heritage Fes', u'Sasquatch!', u'Forecastle']"
Shpongle (Simon Posford DJ set),EDM,[u'Electric Forest']
Sie Lieben Maschinen,Rock,[u'Middle of the Map']
Simoninha ft. Toni Garrido,Latin,[u'Rock in Rio USA - Pop Weekend']
Single Mothers,Rock,[u'Pitchfork']
SirenXX,Indie,[u'Lollapalooza']
Six Percent,Rock,[u'Middle of the Map']
Skating Polly,Rock,[u'Middle of the Map']
Skream,EDM,[u'Spring Awakening']
Skrillex,EDM,"[u'Hangout', u'Free Press Summer Festival', u'Electric Forest']"
Sky Ferreria,Indie,[u'Outside Lands']
Skylar Spence,Pop,"[u'Hangout', u'Firefly', u'Electric Forest', u'Lollapalooza']"
Slander,EDM,[u'Spring Awakening']
Slaptop,EDM,[u'Free Press Summer Festival']
Slash featuring Myles Kennedy & the Conspirators,Rock,[u'Rock on the Range']
"Slash, featuring Myles Kennedy & the Conspirators",Rock,[u'Welcome to Rockville']
Slayer,Metal,"[u'Welcome to Rockville', u'Rocklahoma', u'Bonnaroo']"
Sleater-Kinney,Indie,[u'Pitchfork']
Slick Rick,Hip-hop,[u'Essence']
Slightly Stoopid,Rock,"[u'SweetWater 420', u'Wakarusa', u'Outside Lands']"
Slipknot,Metal,"[u'Welcome to Rockville', u'Rock on the Range']"
Sloan,Rock,"[u'Coachella', u'Summerfest']"
Slow Hands,EDM,"[u'Lightning in a Bottle', u'Electric Forest']"
Slow Magic,EDM,"[u'Sasquatch!', u'Electric Forest']"
Sly-Ridge,Country,[u'Kicker Country Stampede']
Smallpools,Indie,[u'Rock in Rio USA - Rock Weekend']
Smash Mouth,Rock,[u'Summerfest']
Smokey Brights,Pop,[u'Sasquatch!']
Snails,EDM,[u'Electric Forest']
Snakehips,EDM,"[u'Lightning in a Bottle', u'Firefly']"
Snarky Puppy,Jazz,"[u'New Orleans Jazz & Heritage Fes', u'Newport Jazz']"
Snoop Dogg,Hip-hop,"[u'SweetWater 420', u'Bunbury', u'Firefly']"
Sohn,EDM,"[u'Lightning in a Bottle', u'Sasquatch!']"
Solidisco,EDM,[u'Firefly']
SomeKindaWonderful,Rock,[u'SunFest']
Something And The Whatevers,Rock,[u'Middle of the Map']
Son Lux,Hip-hop,[u'Forecastle']
Son of Kick,Hip-hop,[u'Electric Forest']
Sons,Rock,[u'Rocklahoma']
Sons of Texas,Metal,"[u'Welcome to Rockville', u'Rocklahoma']"
Sophie,Indie,[u'Pitchfork']
Soul Clap,EDM,[u'Electric Forest']
Soulular,EDM,[u'Lightning in a Bottle']
Speedy Ortiz,Indie,"[u'Forecastle', u'Outside Lands']"
Spencer Mackenzie Brown,Americana,[u'Middle of the Map']
Spirit Is The Spirit,Rock,[u'Middle of the Map']
Split Lip Rayfield,Americana,[u'Wakarusa']
SpokFrevo Orquestra,Jazz,[u'Rock in Rio USA - Rock Weekend']
Spookyland,Rock,[u'Lollapalooza']
Spoon,Indie,"[u'Hangout', u'Sasquatch!', u'Bonnaroo', u'Firefly']"
Squarepusher,EDM,[u'Coachella']
St. Lucia,Indie,"[u'Coachella', u'Hangout']"
St. Paul and the Broken Bones,R&B,"[u'Coachella', u'Sasquatch!', u'Forecastle', u'Lollapalooza', u'Outside Lands']"
St. Vincent,Indie,"[u'Coachella', u'Sasquatch!', u'Governors Ball', u'Free Press Summer Festival', u'Outside Lands']"
Stars in Stereo,Rock,[u'Welcome to Rockville']
Starset,Rock,"[u'Welcome to Rockville', u'Rock on the Range', u'Rocklahoma']"
Station,Rock,[u'Rocklahoma']
Steelism,Indie,[u'Hangout']
Steely Dan,Rock,[u'Coachella']
Steve Angello,EDM,[u'Free Press Summer Festival']
Steve Aoki,EDM,[u'Firefly']
Steve Earle,Americana,[u'Stagecoach']
Steve Gunn,Indie,[u'Pitchfork']
Steve Lehman,Jazz,[u'Newport Jazz']
Steve Winwood,Rock,[u'New Orleans Jazz & Heritage Fes']
Stewart Ray,Country,[u'Kicker Country Stampede']
Stick Figure,Reggae,[u'Wakarusa']
Stokeswood,EDM,"[u'SweetWater 420', u'Wakarusa']"
Stolen Nations,Rock,[u'Middle of the Map']
Stone Temple Pilots w/ Chester Bennington,Rock,[u'SunFest']
"Stop, Stop!",Rock,[u'Rocklahoma']
Strand of Oaks,Rock,"[u'Middle of the Map', u'Hangout', u'Sasquatch!', u'Bonnaroo', u'Lollapalooza', u'Outside Lands']"
Strands of Oaks,Rock,[u'Governors Ball']
Streets of Laredo,Indie,[u'Governors Ball']
Stromae,Hip-hop,"[u'Coachella', u'Lollapalooza']"
Sturgill Simpson,Country,"[u'Coachella', u'Stagecoach', u'New Orleans Jazz & Heritage Fes', u'Governors Ball', u'Free Press Summer Festival', u'Bonnaroo', u'Firefly', u'Forecastle', u'Newport Folk', u'Lollapalooza']"
Styles&Complete,Hip-hop,[u'Firefly']
Stylust Beats,Hip-hop,[u'Lightning in a Bottle']
Sublime With Rome,Rock,"[u'Tortuga', u'Firefly']"
Subline with Rome,Rock,[u'Summerfest']
Suicidal Tendencies,Rock,[u'Welcome to Rockville']
Superhuman Happiness,Indie,[u'Electric Forest']
Superjam!,Rock,[u'Bonnaroo']
Swans,Rock,[u'Coachella']
Sweater Beats,EDM,[u'Firefly']
Switchbak,Country,[u'Kicker Country Stampede']
Sylvan Esso,Indie,"[u'Coachella', u'Hangout', u'Sasquatch!', u'Bonnaroo', u'Firefly', u'Summerfest', u'Lollapalooza']"
T.I.,Hip-hop,[u'New Orleans Jazz & Heritage Fes']
TJR,EDM,[u'Spring Awakening']
TV On The Radio,Indie,"[u'Hangout', u'Lollapalooza']"
Tab Benoit,Blues,[u'New Orleans Jazz & Heritage Fes']
Tala,EDM,"[u'Lightning in a Bottle', u'Sasquatch!']"
Tale of Us,EDM,[u'Coachella']
Tame Impala,Indie,"[u'Coachella', u'Sasquatch!', u'Governors Ball', u'Bunbury', u'Lollapalooza', u'Outside Lands']"
Tank & The Bangas,R&B,[u'Essence']
Tanya Tagaq,Indie,[u'Bonnaroo']
Tastytreat,EDM,[u'Lightning in a Bottle']
Tauk,Rock,"[u'Counterpoint', u'Wakarusa', u'Electric Forest']"
Taylor Dayne,Pop,[u'Summerfest']
Taylor Swift,Pop,[u'Rock in Rio USA - Pop Weekend']
Tchami,EDM,[u'Electric Forest']
Tears For Fears,Rock,"[u'Free Press Summer Festival', u'Bonnaroo']"
Tech N9NE,Hip-hop,[u'Rock on the Range']
Tedeschi Trucks Band,Rock,[u'New Orleans Jazz & Heritage Fes']
Teedra Moses,R&B,[u'Essence']
Teemid,EDM,[u'Electric Forest']
Teengirl Fantasy,Pop,[u'Electric Forest']
Temples,Indie,"[u'Sasquatch!', u'Bunbury', u'Bonnaroo']"
Terence Blanchard E-Collective,Jazz,[u'New Orleans Jazz & Heritage Fes']
Tesla,Rock,[u'Rocklahoma']
Testament,Metal,[u'Welcome to Rockville']
The Abnorm,Hip-hop,[u'Middle of the Map']
The Accidentals,Rock,[u'Electric Forest']
The Avett Brothers,Indie,[u'Bunbury']
The Band Perry,Country,"[u'Tortuga', u'Stagecoach', u'CMA Fest']"
The Band of Heathens,Americana,[u'Free Press Summer Festival']
The Barr Brothers,Americana,[u'Forecastle']
The Berklee Concert Jazz Orchestra w Sean Jones,Jazz,[u'Newport Jazz']
The Big Iron,Rock,[u'Middle of the Map']
The Black Keys,Indie,"[u'Governors Ball', u'Bunbury', u'Outside Lands']"
The Blackbird Revue,Americana,[u'Middle of the Map']
The Blind Boys of Alabama,Gospel,[u'New Orleans Jazz & Heritage Fes']
The Blue Root Heelers,Country,[u'Middle of the Map']
The Bluegrass Situation Superjam ft. Ed Helms and Special Guests,Bluegrass,[u'Bonnaroo']
The Bright Light Social Hour,Rock,[u'Free Press Summer Festival']
The Budos Band,R&B,[u'Sasquatch!']
The Cadillac Three,Country,"[u'Tortuga', u'Stagecoach']"
The Chainsmokers,EDM,"[u'Firefly', u'Lollapalooza']"
The Cribs,Indie,[u'Coachella']
The Decemberists,Indie,"[u'Sasquatch!', u'Governors Ball', u'Bunbury', u'Free Press Summer Festival']"
The Delta Saints,Rock,[u'Wakarusa']
The Devil Makes Three,Americana,"[u'Stagecoach', u'Wakarusa', u'Bunbury', u'Outside Lands']"
The Devil Wears Prada,Metal,"[u'Welcome to Rockville', u'Rock on the Range']"
The Dirty Dozen Brass Band,Jazz,[u'New Orleans Jazz & Heritage Fes']
The Dirty Guv'nahs,Americana,[u'Tortuga']
The Districts,Rock,"[u'Hangout', u'Sasquatch!', u'Governors Ball', u'Bonnaroo']"
The Doobie Brothers,Rock,[u'Summerfest']
The Expendables,Reggae,[u'Wakarusa']
The Faint,Indie,[u'Summerfest']
The Family Crest,Indie,[u'Outside Lands']
The Flaming Lips,Indie,[u'Summerfest']
The Floozies,EDM,"[u'SweetWater 420', u'Wakarusa']"
The Fritz,Rock,[u'Wakarusa']
The Front Bottoms,Indie,[u'Bunbury']
The Gaslamp Killer,EDM,[u'Wakarusa']
The Gaslamp Killer Experience,Rock,[u'Coachella']
The Gaslight Anthem,Rock,[u'Forecastle']
The Ghost of a Saber Tooth Tiger,Americana,[u'Coachella']
The Glitch Mob,EDM,[u'Sasquatch!']
The Grisly Hand,Rock,[u'Middle of the Map']
The Griswolds,Indie,[u'Firefly']
The Growlers,Rock,"[u'Wakarusa', u'Bonnaroo']"
The Handsome Family,Americana,[u'Stagecoach']
The Hardship Letters,Americana,[u'Middle of the Map']
The Helmets,Rock,[u'Lollapalooza']
The Hip Abduction,Reggae,[u'SunFest']
The Human Experience,EDM,"[u'Lightning in a Bottle', u'Wakarusa']"
The Hunts,Indie,[u'Firefly']
The Infamous Stringdusters,Bluegrass,[u'Summerfest']
The Isley Brothers,R&B,[u'Summerfest']
The Jimmies,Pop,[u'Lollapalooza']
The Jones Family Singers,Gospel,[u'Newport Folk']
The Julie Ruin,Rock,[u'Pitchfork']
The Kansas City Bear Fighters,Americana,[u'Middle of the Map']
The Killers,Rock,[u'Firefly']
The Knocks,EDM,[u'Sasquatch!']
The Kooks,Rock,"[u'Firefly', u'Summerfest']"
The Kristina Craig Band,Country,[u'Kicker Country Stampede']
The London Souls,Rock,[u'SweetWater 420']
The Lone Bellow,Americana,"[u'Stagecoach', u'Hangout', u'Forecastle', u'Newport Folk']"
The Lonely Biscuits,Indie,[u'Lollapalooza']
The Lucky,Rock,[u'Middle of the Map']
The Magic Beans,Rock,[u'Wakarusa']
The Maldives,Rock,[u'Sasquatch!']
The Mantras,Rock,[u'Wakarusa']
The Mavericks,Country,[u'Tortuga']
The Meters,R&B,[u'New Orleans Jazz & Heritage Fes']
The Motet,Rock,[u'Electric Forest']
The Mountain Goats,Indie,[u'Free Press Summer Festival']
The Mowgli's,Indie,"[u'Hangout', u'Summerfest']"
The New Orleans Suspects,R&B,[u'New Orleans Jazz & Heritage Fes']
The New Pacific,Rock,[u'Lollapalooza']
The New Pornographers,Indie,"[u'Sasquatch!', u'Summerfest', u'Pitchfork']"
The Noise FM,Indie,[u'Middle of the Map']
The Nth Power,Rock,[u'Wakarusa']
The O'Jays,R&B,[u'New Orleans Jazz & Heritage Fes']
The Oak Ridge Boys,Country,"[u'Stagecoach', u'CMA Fest']"
The Opiuo Band,EDM,[u'Lightning in a Bottle']
The Orwells,Rock,[u'Coachella']
The Phantastics,Hip-hop,[u'Middle of the Map']
The Philistines,Rock,[u'Middle of the Map']
The Picturebooks,Rock,[u'Governors Ball']
The Pop Ups,Pop,[u'Lollapalooza']
The Preatures,Indie,[u'Firefly']
The Pretty Reckless,Rock,"[u'Welcome to Rockville', u'Rock in Rio USA - Rock Weekend', u'Rock on the Range', u'Rocklahoma']"
The Project H,Jazz,[u'Middle of the Map']
The Quebe Sisters Band,Americana,[u'Stagecoach']
The Radiators,Rock,[u'New Orleans Jazz & Heritage Fes']
The Ragbirds,World,[u'Electric Forest']
The Relationship,Rock,[u'Middle of the Map']
The Republic Tigers,Rock,[u'Middle of the Map']
The Reverend Peyton's Big Damn Band,Americana,[u'Bunbury']
The Revivalists,Rock,"[u'SweetWater 420', u'New Orleans Jazz & Heritage Fes', u'Wakarusa', u'Forecastle', u'Outside Lands']"
The Rico Monaco Band,Rock,[u'SunFest']
The Romantics,Rock,[u'Summerfest']
The Roots,Hip-hop,"[u'Counterpoint', u'Wakarusa']"
The Sam Chase,Americana,[u'Outside Lands']
The Secret Sisters,Country,[u'Bunbury']
The Sensational Chosen Voices,Gospel,[u'New Orleans Jazz & Heritage Fes']
The Shadowboxers,Pop,[u'SunFest']
The Slackers,Rock,[u'Middle of the Map']
The Slowdown,Rock,[u'Middle of the Map']
The Sluts,Rock,[u'Middle of the Map']
The Soul Rebels,R&B,"[u'New Orleans Jazz & Heritage Fes', u'Counterpoint']"
The Souveneers,Americana,[u'Middle of the Map']
The Spazmatics,Rock,[u'SunFest']
The State Line,Country,[u'Kicker Country Stampede']
The Steeldrivers,Bluegrass,[u'Forecastle']
The String Cheese Incident,Rock,[u'Electric Forest']
The Suffers,R&B,"[u'Hangout', u'Free Press Summer Festival', u'Newport Folk']"
The Swon Brothers,Country,[u'Stagecoach']
The Taj Mahal Trio,Blues,[u'New Orleans Jazz & Heritage Fes']
The Tallest Man on Earth,Indie,"[u'Forecastle', u'Lollapalooza']"
The Thunderclaps,Hip-hop,[u'Middle of the Map']
"The Time Jumpers, featuring Vince Gill and Kenny Sears",Americana,[u'Stagecoach']
The Tontons,Indie,[u'Free Press Summer Festival']
The Tropics,Indie,[u'Outside Lands']
The Vanity,Rock,[u'Free Press Summer Festival']
The Very Best,EDM,[u'Bonnaroo']
The Wailers,Reggae,[u'SweetWater 420']
The War On Drugs,Indie,"[u'Coachella', u'Sasquatch!', u'Governors Ball', u'Bonnaroo', u'Lollapalooza']"
The Weeknd,R&B,"[u'Coachella', u'Lollapalooza']"
The Werks,Indie,[u'Electric Forest']
The White Panda,EDM,"[u'Wakarusa', u'Firefly']"
The Who,Rock,[u'New Orleans Jazz & Heritage Fes']
The Wild Magnolias,R&B,[u'New Orleans Jazz & Heritage Fes']
The Wind And The Wave,Pop,[u'Firefly']
The Winery Dogs,Rock,[u'Rocklahoma']
The Wombats,Indie,[u'Lollapalooza']
The Word,Gospel,"[u'New Orleans Jazz & Heritage Fes', u'Forecastle']"
The Young Evils,Rock,[u'Sasquatch!']
Thelastplaceyoulook,Rock,[u'Free Press Summer Festival']
Thievery Corporation,EDM,"[u'SweetWater 420', u'Wakarusa']"
Third Eye Blind,Rock,[u'Summerfest']
Third World,Reggae,[u'New Orleans Jazz & Heritage Fes']
Thom Hoskins,Americana,[u'Middle of the Map']
Thomas Jack,EDM,"[u'Lightning in a Bottle', u'Counterpoint', u'Wakarusa', u'Spring Awakening']"
Thomas Rhett,Country,"[u'CMA Fest', u'Summerfest', u'Kicker Country Stampede']"
Thunderpussy,Rock,[u'Sasquatch!']
Tiesto,EDM,[u'Spring Awakening']
Tiger and Woods,EDM,[u'Coachella']
Tim McGraw,Country,[u'Stagecoach']
Tim Strathman Band,Americana,[u'Kicker Country Stampede']
Timefiles,EDM,[u'Summerfest']
Tipper,EDM,[u'Counterpoint']
Toad the Wet Sprocket,Rock,[u'Summerfest']
Tobias Jesso Jr.,Indie,[u'Pitchfork']
Todd Terje and the Olsens,EDM,"[u'Coachella', u'Pitchfork']"
Tom Harrell,Jazz,[u'Newport Jazz']
Tommy Castro,Blues,[u'Summerfest']
Tommy Trash,EDM,[u'Spring Awakening']
Tonic,Rock,[u'Summerfest']
Tony Bennett & Lady Gaga,Jazz,[u'New Orleans Jazz & Heritage Fes']
Tonya Boyd-Cannon,R&B,[u'Essence']
Toro y Moi,Indie,"[u'Coachella', u'Hangout', u'Lollapalooza', u'Outside Lands']"
Touche Amore,Rock,[u'Coachella']
Tourist,EDM,[u'Coachella']
Tove Lo,Pop,"[u'Rock in Rio USA - Pop Weekend', u'Hangout', u'Free Press Summer Festival', u'Bonnaroo', u'Firefly', u'Lollapalooza']"
Trace Adkins,Country,[u'Tortuga']
Trampled by Turtles,Americana,"[u'Hangout', u'Bonnaroo', u'Summerfest']"
Traveller,Indie,[u'Newport Folk']
Travi$ Scott,Hip-hop,[u'Lollapalooza']
Travis Marvin,Country,[u'Kicker Country Stampede']
Travis Scott,Hip-hop,[u'Counterpoint']
Travis Tritt,Country,[u'Kicker Country Stampede']
Tremonti,Rock,"[u'Welcome to Rockville', u'Rock on the Range']"
Trevor Hall,Rock,[u'Electric Forest']
Trigger Hippy,Rock,[u'Wakarusa']
Trippy Turtle,Hip-hop,"[u'Coachella', u'Wakarusa']"
Trombone Shorty and Orleans Avenue,Jazz,"[u'New Orleans Jazz & Heritage Fes', u'Summerfest']"
Tromone Shorty & Orleans Avenue,Jazz,[u'Essence']
Tunji Ige,Hip-hop,[u'Free Press Summer Festival']
Tweedy,Indie,[u'Forecastle']
Tweet,R&B,[u'Essence']
Twenty One Pilots,Indie,"[u'Sasquatch!', u'Bunbury', u'Bonnaroo', u'Lollapalooza']"
Twenty Thousand Strongmen,Americana,[u'Middle of the Map']
Twiddle,Rock,[u'Wakarusa']
Twin Limb,Indie,[u'Forecastle']
Twin Peaks,Indie,"[u'Sasquatch!', u'Free Press Summer Festival', u'Firefly', u'Forecastle', u'Lollapalooza', u'Outside Lands']"
Twin Shadow,Indie,[u'Governors Ball']
Two Way Crossing,Country,[u'Kicker Country Stampede']
Tycho,Indie,"[u'Coachella', u'Lightning in a Bottle', u'Free Press Summer Festival', u'Bonnaroo', u'Firefly']"
Tyler the Creator,Hip-hop,[u'Coachella']
"Tyler, The Creator",Hip-hop,[u'Lollapalooza']
U9lift,EDM,[u'Electric Forest']
URI Newport Big Band,Jazz,[u'Newport Jazz']
Ummet Ozcan,EDM,[u'Spring Awakening']
Umphrey's McGee,Rock,"[u'Hangout', u'Counterpoint', u'Wakarusa']"
Uner,EDM,[u'Rock in Rio USA - Pop Weekend']
Unknown Mortal Orchestra,Rock,"[u'Bonnaroo', u'Outside Lands']"
Unlocking the Truth,Metal,"[u'Rock on the Range', u'Bonnaroo']"
Until the Ribbon Breaks,EDM,[u'Coachella']
Upon a Burning Body,Metal,"[u'Welcome to Rockville', u'Rock on the Range', u'Rocklahoma']"
Usher,R&B,[u'Essence']
Vacationer,World,[u'Firefly']
Valida,EDM,[u'Rock in Rio USA - Pop Weekend']
Vamps,Rock,"[u'Welcome to Rockville', u'Rock on the Range']"
Vance Joy,Indie,"[u'Coachella', u'Hangout', u'Governors Ball', u'Summerfest']"
Various Blonde,Indie,[u'Middle of the Map']
Vaski,EDM,[u'Electric Forest']
Verite,Pop,"[u'Firefly', u'Lollapalooza']"
Vic Mensa,Hip-hop,"[u'Coachella', u'Pitchfork']"
Viet Cong,Indie,[u'Pitchfork']
Vieux Farka Toure,World,[u'New Orleans Jazz & Heritage Fes']
Vince Staples,Hip-hop,[u'Pitchfork']
Vindata,EDM,[u'Firefly']
Vintage Trouble,Rock,"[u'New Orleans Jazz & Heritage Fes', u'Hangout']"
Volbeat,Metal,"[u'Rock on the Range', u'Rocklahoma']"
Vox Mod,EDM,[u'Sasquatch!']
W&W,EDM,[u'Spring Awakening']
Walk The Moon,Indie,"[u'Bunbury', u'Firefly', u'Summerfest', u'Lollapalooza']"
"Walter ""Wolfman"" Washington & The Roadmasters",R&B,[u'New Orleans Jazz & Heritage Fes']
WarlockTexas,Metal,[u'Rocklahoma']
Wave Racer,EDM,[u'Electric Forest']
Wax Motif,EDM,[u'Rock in Rio USA - Rock Weekend']
Waxahatchee,Indie,[u'Pitchfork']
Wayland,Rock,[u'Rocklahoma']
We Are Harlot,Rock,"[u'Welcome to Rockville', u'Rock on the Range', u'Rocklahoma']"
We The Ghost,Rock,[u'Rocklahoma']
We Were Wolves,Rock,[u'Free Press Summer Festival']
Weezer,Rock,[u'Free Press Summer Festival']
Welcome to Houston,Hip-hop,[u'Free Press Summer Festival']
Well Hung Heart,Rock,[u'Rocklahoma']
Westerners,Indie,[u'Middle of the Map']
Wet,Pop,[u'Lollapalooza']
What So Not,EDM,"[u'Coachella', u'Counterpoint', u'Lollapalooza']"
Whisky For The Lady,Indie,[u'Middle of the Map']
White Could Hunters Mardi Gras Indians,World,[u'New Orleans Jazz & Heritage Fes']
White Lung,Indie,[u'Governors Ball']
White Reaper,Rock,[u'Forecastle']
White Sea,EDM,[u'Lollapalooza']
Whitesnake,Rock,[u'Summerfest']
Whitney Fierce,EDM,[u'Rock in Rio USA - Pop Weekend']
Whyel,EDM,[u'Firefly']
Wick-it the Instigator,EDM,[u'Wakarusa']
Widespread Panic,Rock,"[u'New Orleans Jazz & Heritage Fes', u'Counterpoint', u'Forecastle']"
Wilco,Indie,"[u'New Orleans Jazz & Heritage Fes', u'SunFest', u'Pitchfork', u'Outside Lands']"
Wild Belle,Indie,[u'Lollapalooza']
Wild Party,Pop,[u'Firefly']
Will Butler,Indie,[u'Sasquatch!']
Will Hoge,Country,[u'Tortuga']
William Close + the Earth Harp,EDM,[u'Lightning in a Bottle']
William Elliott Whitmore,Americana,[u'Middle of the Map']
Willy Porter,Rock,[u'Summerfest']
Wiwek,EDM,[u'Electric Forest']
Wolf + Lamb,EDM,"[u'Lightning in a Bottle', u'Electric Forest']"
Wood Brothers,Americana,[u'SweetWater 420']
Woods,Indie,"[u'Sasquatch!', u'Bonnaroo']"
Woody Pines,Americana,[u'Middle of the Map']
World Gone,Metal,[u'Welcome to Rockville']
Wu Wei,EDM,[u'Lightning in a Bottle']
Wussy,Indie,[u'Bunbury']
Wycliffe Gordon,Jazz,[u'Newport Jazz']
Wynonna & the Big Noise,Country,[u'CMA Fest']
XFactor1,Rock,[u'Rock on the Range']
Xavier Rudd & The United Nations,World,[u'Hangout']
Yaarrohs,Pop,[u'Lightning in a Bottle']
Yelawolf,Hip-hop,[u'Rock on the Range']
Yelle,Pop,[u'Coachella']
Yellow Claw,EDM,"[u'Coachella', u'Spring Awakening']"
Yes You Are,Rock,[u'Middle of the Map']
Yojimbo,Rock,"[u'Wakarusa', u'Electric Forest']"
Yonder Mountain String Band,Bluegrass,[u'Electric Forest']
Yore,Indie,[u'Middle of the Map']
You Me At Six,Rock,[u'Rock on the Range']
Young Fathers,Hip-hop,[u'Hangout']
Young Guardians of the Flame,World,[u'New Orleans Jazz & Heritage Fes']
Young Guns,Rock,"[u'Welcome to Rockville', u'Rock on the Range', u'Rocklahoma']"
Young Rising Sons,Rock,[u'Firefly']
Young Thug,Hip-hop,[u'Lollapalooza']
Young the Giant,Indie,[u'Wakarusa']
Yung Lean,Hip-hop,[u'Counterpoint']
Yung Lean & Sad Boys,Hip-hop,[u'Free Press Summer Festival']
ZZ Top,Rock,[u'Stagecoach']
Zac Brown Band,Country,"[u'Tortuga', u'Hangout', u'CMA Fest', u'Summerfest']"
Zach Longoria Project,Rock,[u'Bunbury']
Zeale,Hip-hop,[u'SunFest']
Zebra Katz,Hip-hop,[u'Lollapalooza']
Zed's Dead,EDM,[u'Spring Awakening']
Zedd,EDM,"[u'Counterpoint', u'Spring Awakening', u'Firefly']"
Zeds Dead,EDM,[u'Counterpoint']
Zella Day,Pop,"[u'Hangout', u'Firefly', u'Lollapalooza']"
Zion I,Hip-hop,[u'Lightning in a Bottle']
Zola Jesus,Pop,[u'Firefly']
Zomboy,EDM,[u'Spring Awakening']
alt-J,Indie,"[u'Coachella', u'Lollapalooza']"
tINI,EDM,[u'Coachella']
